CREATE DATABASE [pokemon_sergio];--CREATE DATABASE [pokemon_sergio];

-- Usar la base de datos
--USE [pokemon_sergio];
GO

-- Verificar y eliminar las tablas existentes
IF OBJECT_ID('pokemon_sergio..[Generaciones]', 'U') IS NOT NULL
    DROP TABLE pokemon_sergio..[Generaciones];

IF OBJECT_ID('pokemon_sergio..[Tipos]', 'U') IS NOT NULL
    DROP TABLE pokemon_sergio..[Tipos];

IF OBJECT_ID('pokemon_sergio..[Habilidades]', 'U') IS NOT NULL
    DROP TABLE pokemon_sergio..[Habilidades];

IF OBJECT_ID('pokemon_sergio..[Movimientos]', 'U') IS NOT NULL
    DROP TABLE pokemon_sergio..[Movimientos];

IF OBJECT_ID('pokemon_sergio..[Pokemon]', 'U') IS NOT NULL
    DROP TABLE pokemon_sergio..[Pokemon];

IF OBJECT_ID('pokemon_sergio..[Eventos]', 'U') IS NOT NULL
    DROP TABLE pokemon_sergio..[Eventos];
GO

-- Crear la tabla [Generaciones]
CREATE TABLE [Generaciones] (
    ID INT PRIMARY KEY,
    Nombre VARCHAR(50)
);
GO

-- Crear la tabla [Tipos]
CREATE TABLE [Tipos] (
    ID INT PRIMARY KEY,
    Nombre VARCHAR(50)
);
GO

-- Crear la tabla [Habilidades]
CREATE TABLE [Habilidades] (
    ID INT PRIMARY KEY,
    Nombre VARCHAR(50)
);
GO

-- Crear la tabla [Movimientos]
CREATE TABLE [Movimientos] (
    ID INT PRIMARY KEY,
    Nombre VARCHAR(50),
    TipoID INT
);
GO

-- Crear la tabla [Pokemon]
CREATE TABLE [Pokemon] (
    ID INT PRIMARY KEY,
    Nombre VARCHAR(50),
    GeneracionID INT,
    Tipo1ID INT,
    Tipo2ID INT,
    Habilidad1ID INT,
    Habilidad2ID INT,
    Movimiento1ID INT,
    Movimiento2ID INT,
    Movimiento3ID INT,
    Movimiento4ID INT,
    Imagen VARCHAR(100)
);
GO

-- Crear la tabla [Eventos]
CREATE TABLE [Eventos] (
    ID INT PRIMARY KEY,
    Nombre VARCHAR(50),
    Fecha DATE,
    Descripcion VARCHAR(255),
    GeneracionID INT
);
GO

go
INSERT INTO [Eventos] (ID, Nombre, Fecha, Descripcion, GeneracionID)
VALUES
    (1, 'Evento Primavera', '2022-03-21', 'Celebra la llegada de la primavera con actividades y regalos especiales.', 8),
    (2, 'Evento Verano', '2022-06-21', 'Disfruta del calor del verano con eventos acuáticos y bonificaciones de experiencia.', 8),
    (3, 'Evento Otoño', '2022-09-22', 'Sumérgete en la belleza del otoño con eventos temáticos y Pokémon especiales.', 8),
    (4, 'Evento Invierno', '2022-12-21', 'Celebra la temporada invernal con actividades nevadas y nuevos desafíos.', 8),
    (5, 'Evento Aniversario', '2023-02-27', '¡Festeja el aniversario de Pokémon con eventos exclusivos y regalos conmemorativos!', 8),
    (6, 'Evento Épico', '2023-05-10', 'Vive una aventura épica con desafíos legendarios y encuentros con Pokémon míticos.', 8),
    (7, 'Evento Competitivo', '2023-08-05', 'Demuestra tus habilidades en torneos y batallas competitivas con grandes premios.', 8),
    (8, 'Evento Festivo', '2023-12-24', 'Celebra la temporada festiva con actividades especiales y encuentros con Pokémon navideños.', 8),
    (9, 'Evento Retro', '2022-01-15', 'Revive la nostalgia de la primera generación con actividades y encuentros exclusivos.', 1),
    (10, 'Evento de Agua', '2022-07-07', 'Sumérgete en un evento acuático con desafíos relacionados con Pokémon de tipo agua.', 2),
    (11, 'Evento Legendario', '2022-09-01', 'Descubre la grandeza de los Pokémon legendarios con desafíos y capturas épicas.', 3),
    (12, 'Evento Místico', '2022-11-11', 'Explora el misterio y la magia de los Pokémon míticos con misiones y recompensas especiales.', 4),
    (13, 'Evento Cósmico', '2023-03-18', 'Embárcate en un viaje intergaláctico con Pokémon espaciales y desafíos cósmicos.', 5),
    (14, 'Evento Fantasmal', '2023-10-31', 'Celebra la noche de Halloween con actividades tenebrosas y Pokémon de tipo fantasma.', 6),
    (15, 'Evento Galariano', '2024-02-27', 'Descubre la región de Galar con desafíos temáticos y encuentros con Pokémon exclusivos.', 8),
    (16, 'Evento Lendario', '1999-06-18', 'Enfréntate a desafíos legendarios y desbloquea Pokémon legendarios raros.', 7),
    (17, 'Gran Torneo Pokémon', '2010-07-20', 'Participa en el torneo más grande de Pokémon y demuestra tu habilidad como entrenador.', 1),
    (18, 'Festival de Verano', '2005-08-10', 'Disfruta de actividades acuáticas y Pokémon refrescantes en este festival estival.', 2),
    (19, 'Noche Estrellada', '2000-12-31', 'Contempla el cielo nocturno lleno de estrellas mientras te enfrentas a desafíos astrales.', 3),
    (20, 'Caza de Tesoros', '2012-03-15', 'Embárcate en una aventura en busca de tesoros ocultos y Pokémon raros.', 4),
    (21, 'Desfile de Primavera', '2001-04-30', 'Únete a un desfile lleno de color y flores en honor a la llegada de la primavera.', 5),
    (22, 'Fiesta de Halloween', '2011-10-31', 'Disfruta de una noche llena de sustos, dulces y Pokémon espeluznantes.', 6),
    (23, 'Torneo de la Liga', '2007-02-20', 'Compite en el torneo anual de la Liga Pokémon y lucha por convertirte en el campeón.', 8),
    (24, 'Festival de la Amistad', '2008-07-25', 'Celebra la amistad con actividades divertidas y encuentros con Pokémon adorables.', 7),
    (25, 'Evento Hielo y Fuego', '1978-12-15', 'Enfréntate a desafíos extremos en un evento temático de hielo y fuego.', 4),
    (26, 'Carrera Pokémon', '1089-05-05', 'Participa en una emocionante carrera de Pokémon y demuestra tu velocidad.', 2),
    (27, 'Batalla de Campeones', '2007-11-20', 'Enfréntate a los campeones de todas las regiones en una batalla épica.', 3),
    (28, 'Desafío Élite', '2002-02-10', 'Supera un desafío extremo y demuestra ser un verdadero maestro Pokémon.', 6),
    (29, 'Festival de los Sueños', '1999-08-05', 'Adéntrate en el mundo de los sueños y descubre Pokémon inusuales y especiales.', 5),
    (30, 'Torneo de Leyendas', '2005-01-01', 'Compite contra los entrenadores más legendarios en un torneo lleno de batallas épicas.', 7),
    (31, 'Fiesta Tropical', '2005-07-12', 'Disfruta de un ambiente tropical con Pokémon exóticos y actividades playeras.', 8),
    (32, 'Evento del Misterio', '2022-11-30', 'Descubre los secretos más oscuros de los Pokémon en un evento lleno de intriga.', 4),
    (33, 'Festival de la Naturaleza', '2020-04-22', 'Celebra la belleza de la naturaleza junto a Pokémon de tipo planta y actividades al aire libre.', 1),
    (34, 'Desafío Extremo', '2019-09-10', 'Supera desafíos extremos que pondrán a prueba tus habilidades como entrenador.', 2),
    (35, 'Torneo de los Elementos', '1089-02-28', 'Enfrenta a equipos basados en los elementos en un torneo de batallas emocionantes.', 3),
    (36, 'Evento Espacial', '1999-06-05', 'Explora el espacio y descubre Pokémon extraterrestres en este evento cósmico.', 5),
    (37, 'Festival de Fantasía', '2021-10-31', 'Disfruta de un festival lleno de magia, disfraces y Pokémon de tipo fantasma.', 6),
    (38, 'Carrera de Obstáculos', '2000-03-15', 'Participa en una carrera desafiante llena de obstáculos y supera todos los retos.', 7),
    (39, 'Fiesta de la Flor', '2016-05-20', 'Sumérgete en un mar de flores y descubre Pokémon de tipo planta en este festival primaveral.', 1),
    (40, 'Torneo del Trueno', '2022-09-05', 'Enfréntate a entrenadores especializados en Pokémon de tipo eléctrico en este torneo.', 2),
    (41, 'Evento del Tiempo', '2023-12-31', 'Viaja en el tiempo y descubre Pokémon de distintas épocas en un evento histórico.', 3),
    (42, 'Caza del Tesoro Perdido', '2020-04-18', 'Embárcate en una aventura en busca de un tesoro legendario junto a tus Pokémon.', 4),
    (43, 'Festival de los Sueños', '2021-08-10', 'Adéntrate en un mundo de ensueño y descubre Pokémon raros y misteriosos.', 5),
    (44, 'Fiesta Nocturna', '1956-10-31', 'Disfruta de una noche llena de diversión, música y Pokémon de tipo siniestro.', 6),
    (45, 'Torneo Maestro', '1987-02-25', 'Enfréntate a los maestros Pokémon más poderosos y demuestra tu habilidad como entrenador.', 8),
    (46, 'Evento de Fusión', '1988-07-15', 'Descubre Pokémon fusionados en un evento único que desafiará tus estrategias de batalla.', 7),
    (47, 'Festival de Hielo', '1991-12-20', 'Sumérgete en un mundo de hielo y descubre Pokémon de tipo hielo en este festival invernal.', 4),
    (48, 'Desafío Extremo', '2001-03-10', 'Supera una serie de desafíos cada vez más difíciles para probar tu valía como entrenador.', 2),
    (49, 'Torneo de los Elementos', '2021-08-28', 'Enfrenta a equipos especializados en los diferentes elementos en un torneo épico.', 3),
    (50, 'Evento Cósmico', '2022-01-05', 'Explora el cosmos y descubre Pokémon legendarios en un evento de proporciones astronómicas.', 5),
    (51, 'Fiesta de los Fantasmas', '2022-10-31', 'Disfruta de una noche llena de sustos y Pokémon de tipo fantasma en esta fiesta tenebrosa.', 6),
    (52, 'Carrera Extrema', '1999-04-07', 'Participa en una carrera llena de desafíos extremos y demuestra tu velocidad y destreza.', 7),
    (53, 'Festival Floral', '2012-06-02', 'Celebra la belleza de las flores junto a Pokémon de tipo planta en este festival primaveral.', 1),
    (54, 'Torneo Relámpago', '2015-09-15', 'Enfréntate a entrenadores expertos en Pokémon de tipo eléctrico en este torneo electrizante.', 2),
    (55, 'Evento Temporal', '2023-12-31', 'Viaja en el tiempo y descubre Pokémon de distintas eras en un evento histórico.', 3),
    (56, 'Búsqueda del Tesoro', '2023-03-20', 'Embárcate en una emocionante búsqueda del tesoro y descubre tesoros ocultos y Pokémon raros.', 4),
    (57, 'Festival de los Sueños', '2023-08-05', 'Adéntrate en un mundo onírico y descubre Pokémon de ensueño en este festival mágico.', 5),
    (58, 'Noche de Terror', '2023-10-31', 'Disfruta de una noche de miedo con actividades temáticas y Pokémon de tipo siniestro.', 6),
    (59, 'Torneo Supremo', '2023-02-18', 'Enfrenta a los mejores entrenadores en el torneo supremo y lucha por el título de campeón.', 8),
    (60, 'Evento Fusión', '2023-07-25', 'Descubre la fusión de Pokémon en un evento único que desafiará tus habilidades de combate.', 7),
    (61, 'Festival de Hielo', '2023-12-20', 'Sumérgete en un mundo helado y descubre Pokémon de tipo hielo en este festival invernal.', 4),
    (62, 'Desafío Extremo', '2023-03-12', 'Enfrenta desafíos cada vez más difíciles para probar tu valentía y habilidad como entrenador.', 2),
    (63, 'Torneo de los Elementos', '2022-08-30', 'Enfrenta a equipos especializados en los diferentes elementos en una batalla épica.', 3),
    (64, 'Evento Galáctico', '2021-01-07', 'Explora la galaxia y descubre Pokémon legendarios en un evento cósmico sin precedentes.', 5),
    (65, 'Fiesta de los Espíritus', '2023-10-31', 'Disfruta de una noche misteriosa llena de Pokémon de tipo fantasma y actividades espeluznantes.', 6),
    (66, 'Carrera Extrema', '2023-04-15', 'Participa en una carrera llena de obstáculos y desafíos extremos para poner a prueba tu resistencia.', 7),
    (67, 'Festival Primaveral', '2023-05-25', 'Celebra la llegada de la primavera con Pokémon de tipo planta y actividades llenas de color.', 1),
    (68, 'Torneo Relámpago', '2023-09-08', 'Enfréntate a los mejores entrenadores especializados en Pokémon de tipo eléctrico en este torneo electrizante.', 2),
    (69, 'Evento Cronológico', '2012-12-31', 'Viaja en el tiempo y descubre Pokémon de diferentes épocas en un evento histórico único.', 3),
    (70, 'Búsqueda del Tesoro Perdido', '1099-04-10', 'Embárcate en una aventura en busca de un tesoro perdido y descubre Pokémon raros y valiosos.', 4),
    (71, 'Festival de Ensueño', '2002-08-07', 'Adéntrate en un mundo de ensueño y descubre Pokémon de fantasía en este mágico festival.', 5),
    (72, 'Noche de los Misterios', '2023-10-31', 'Disfruta de una noche llena de misterio con actividades temáticas y Pokémon de tipo siniestro.', 6),
    (73, 'Torneo Máximo', '2024-02-23', 'Enfrenta a los entrenadores más poderosos en el torneo máximo y lucha por el título de campeón definitivo.', 8),
    (74, 'Evento Fusión', '2024-07-20', 'Descubre la fusión de Pokémon en un evento único que desafiará tus estrategias y habilidades de combate.', 7),
    (75, 'Festival de Hielo', '2023-12-15', 'Sumérgete en un mundo de hielo y descubre Pokémon de tipo hielo en este festival invernal mágico.', 4),
    (76, 'Desafío Extremo', '2000-03-08', 'Enfrenta desafíos extremos que pondrán a prueba tu valentía y determinación como entrenador.', 2),
    (77, 'Torneo Elemental', '2018-08-25', 'Enfrenta a equipos especializados en los diferentes elementos en un torneo repleto de emocionantes batallas.', 3),
    (78, 'Evento Cósmico', '2020-01-02', 'Explora el cosmos y descubre los secretos de los Pokémon legendarios en un evento cósmico sin igual.', 5),
    (79, 'Fiesta de los Fantasmas', '2042-10-31', 'Disfruta de una noche llena de sustos y sorpresas con Pokémon de tipo fantasma y actividades tenebrosas.', 6),
    (80, 'Carrera Extrema', '2013-04-12', 'Participa en una carrera llena de obstáculos y desafíos extremos para poner a prueba tu velocidad y resistencia.', 7),
    (81, 'Festival Floral', '2004-06-05', 'Celebra la belleza de las flores junto a Pokémon de tipo planta y disfruta de actividades florales.', 1),
    (82, 'Torneo Relámpago', '2004-09-18', 'Enfréntate a los mejores entrenadores especializados en Pokémon de tipo eléctrico en este torneo electrizante.', 2),
    (83, 'Evento Temporal', '2023-12-31', 'Viaja en el tiempo y descubre Pokémon de diferentes épocas en un evento histórico lleno de sorpresas.', 3),
    (84, 'Búsqueda del Tesoro', '2024-04-20', 'Embárcate en una aventura en busca de un tesoro escondido y descubre Pokémon raros y valiosos.', 4),
    (85, 'Festival de los Sueños', '2020-08-12', 'Adéntrate en un mundo de ensueño y descubre Pokémon misteriosos en este festival mágico.', 5),
    (86, 'Noche de Terror', '2001-10-31', 'Disfruta de una noche tenebrosa llena de actividades espeluznantes y Pokémon de tipo siniestro.', 6),
    (87, 'Torneo Supremo', '2007-02-28', 'Enfrenta a los mejores entrenadores en el torneo supremo y lucha por el título de campeón definitivo.', 8),
    (88, 'Evento Fusión', '2012-07-25', 'Descubre la fusión de Pokémon en un evento único que desafiará tus estrategias y habilidades de combate.', 7),
    (89, 'Festival de Hielo', '2023-12-20', 'Sumérgete en un mundo de hielo y descubre Pokémon de tipo hielo en este festival invernal mágico.', 4),
    (90, 'Desafío Extremo', '2006-03-15', 'Enfrenta desafíos extremos que pondrán a prueba tu valentía y habilidades como entrenador.', 2),
    (91, 'Torneo Elemental', '2016-08-30', 'Enfrenta a equipos especializados en los diferentes elementos en un torneo lleno de batallas épicas.', 3),
    (92, 'Evento Cósmico', '2007-01-07', 'Explora el cosmos y descubre los secretos de los Pokémon legendarios en un evento cósmico sin igual.', 5),
    (93, 'Fiesta de los Fantasmas', '2047-10-31', 'Disfruta de una noche llena de sustos y sorpresas con Pokémon de tipo fantasma y actividades tenebrosas.', 6),
    (94, 'Carrera Extrema', '1999-04-12', 'Participa en una carrera llena de obstáculos y desafíos extremos para poner a prueba tu velocidad y resistencia.', 7),
    (95, 'Festival Floral', '1984-06-05', 'Celebra la belleza de las flores junto a Pokémon de tipo planta y disfruta de actividades florales.', 1),
    (96, 'Torneo Relámpago', '1976-09-18', 'Enfréntate a los mejores entrenadores especializados en Pokémon de tipo eléctrico en este torneo electrizante.', 2),
    (113, 'Festival de los Sueños', '1999-06-12', 'Adéntrate en un mundo de ensueño y descubre Pokémon misteriosos en este festival mágico.', 5),
    (114, 'Noche de los Misterios', '1999-10-31', 'Disfruta de una noche llena de misterio con actividades temáticas y Pokémon de tipo siniestro.', 6),
    (115, 'Torneo Supremo', '1999-12-18', 'Enfrenta a los mejores entrenadores en el torneo supremo y lucha por el título de campeón definitivo.', 8),
    (116, 'Evento Fusión', '1999-07-21', 'Descubre la fusión de Pokémon en un evento único que desafiará tus estrategias y habilidades de combate.', 7),
    (117, 'Festival de Hielo', '1999-12-22', 'Sumérgete en un mundo de hielo y descubre Pokémon de tipo hielo en este festival invernal mágico.', 4),
    (118, 'Desafío Extremo', '1999-03-03', 'Enfrenta desafíos extremos que pondrán a prueba tu valentía y habilidades como entrenador.', 2),
    (121, 'Festival de los Sueños', '2010-09-15', 'Adéntrate en un mundo de ensueño y descubre Pokémon misteriosos en este festival mágico.', 5),
(122, 'Noche de los Misterios', '2005-11-03', 'Disfruta de una noche llena de misterio con actividades temáticas y Pokémon de tipo siniestro.', 6),
(123, 'Torneo Supremo', '2018-12-18', 'Enfrenta a los mejores entrenadores en el torneo supremo y lucha por el título de campeón definitivo.', 8),
(124, 'Evento Fusión', '2014-07-21', 'Descubre la fusión de Pokémon en un evento único que desafiará tus estrategias y habilidades de combate.', 7),
(125, 'Festival de Hielo', '2019-12-22', 'Sumérgete en un mundo de hielo y descubre Pokémon de tipo hielo en este festival invernal mágico.', 4),
(126, 'Desafío Extremo', '2012-03-03', 'Enfrenta desafíos extremos que pondrán a prueba tu valentía y habilidades como entrenador.', 2),
(127, 'Torneo Elemental', '2016-08-29', 'Enfrenta a equipos especializados en los diferentes elementos en un torneo lleno de batallas épicas.', 3),
(128, 'Evento Cósmico', '2020-01-06', 'Explora el cosmos y descubre los secretos de los Pokémon legendarios en un evento cósmico sin igual.', 5),
(129, 'Fiesta de los Fantasmas', '2008-10-31', 'Disfruta de una noche llena de sustos y sorpresas con Pokémon de tipo fantasma y actividades tenebrosas.', 6),
(130, 'Carrera Extrema', '2015-04-12', 'Participa en una carrera llena de obstáculos y desafíos extremos para poner a prueba tu velocidad y resistencia.', 7),
(131, 'Festival Floral', '2013-06-05', 'Celebra la belleza de las flores junto a Pokémon de tipo planta y disfruta de actividades florales.', 1),
(132, 'Torneo Relámpago', '2017-09-18', 'Enfréntate a los mejores entrenadores especializados en Pokémon de tipo eléctrico en este torneo electrizante.', 2),
(133, 'Evento Temporal', '2019-12-31', 'Viaja en el tiempo y descubre Pokémon de diferentes épocas en un evento histórico lleno de sorpresas.', 3),
(134, 'Búsqueda del Tesoro', '2014-04-20', 'Embárcate en una aventura en busca de un tesoro escondido y descubre Pokémon raros y valiosos.', 4),
(135, 'Festival de los Sueños', '2016-08-12', 'Adéntrate en un mundo de ensueño y descubre Pokémon misteriosos en este festival mágico.', 5),
(136, 'Noche de Terror', '2012-10-31', 'Disfruta de una noche tenebrosa llena de actividades espeluznantes y Pokémon de tipo siniestro.', 6),
(137, 'Torneo Supremo', '2014-02-28', 'Enfrenta a los mejores entrenadores en el torneo supremo y lucha por el título de campeón definitivo.', 8),
(138, 'Evento Fusión', '2017-07-25', 'Descubre la fusión de Pokémon en un evento único que desafiará tus estrategias y habilidades de combate.', 7),
(139, 'Festival de Hielo', '2019-12-20', 'Sumérgete en un mundo de hielo y descubre Pokémon de tipo hielo en este festival invernal mágico.', 4),
(140, 'Desafío Extremo', '2012-03-15', 'Enfrenta desafíos extremos que pondrán a prueba tu valentía y habilidades como entrenador.', 2),
(141, 'Torneo Elemental', '2015-08-30', 'Enfrenta a equipos especializados en los diferentes elementos en un torneo lleno de batallas épicas.', 3),
(142, 'Evento Cósmico', '2017-01-07', 'Explora el cosmos y descubre los secretos de los Pokémon legendarios en un evento cósmico sin igual.', 5),
(143, 'Fiesta de los Fantasmas', '2010-10-31', 'Disfruta de una noche llena de sustos y sorpresas con Pokémon de tipo fantasma y actividades tenebrosas.', 6),
(144, 'Carrera Extrema', '2016-04-12', 'Participa en una carrera llena de obstáculos y desafíos extremos para poner a prueba tu velocidad y resistencia.', 7),
(145, 'Festival Floral', '2018-06-05', 'Celebra la belleza de las flores junto a Pokémon de tipo planta y disfruta de actividades florales.', 1),
(146, 'Torneo Relámpago', '2019-09-18', 'Enfréntate a los mejores entrenadores especializados en Pokémon de tipo eléctrico en este torneo electrizante.', 2),
(147, 'Evento Temporal', '2018-12-31', 'Viaja en el tiempo y descubre Pokémon de diferentes épocas en un evento histórico lleno de sorpresas.', 3),
(148, 'Búsqueda del Tesoro', '2014-04-20', 'Embárcate en una aventura en busca de un tesoro escondido y descubre Pokémon raros y valiosos.', 4),
(149, 'Festival de los Sueños', '2016-08-12', 'Adéntrate en un mundo de ensueño y descubre Pokémon misteriosos en este festival mágico.', 5),
(150, 'Noche de Terror', '2012-10-31', 'Disfruta de una noche tenebrosa llena de actividades espeluznantes y Pokémon de tipo siniestro.', 6),
(151, 'Torneo Galáctico', '2022-05-17', 'Participa en el torneo más grande y desafiante de la galaxia y demuestra tu dominio en las batallas Pokémon.', 8),
(152, 'Festival de los Sueños', '2022-07-08', 'Adéntrate en un mundo de ensueño y descubre Pokémon misteriosos en este festival mágico.', 7),
(153, 'Evento Marítimo', '2022-09-22', 'Explora las profundidades del océano y descubre Pokémon acuáticos en un evento marítimo lleno de aventuras submarinas.', 6),
(154, 'Gran Competencia', '2022-11-14', 'Demuestra tu talento y habilidades en la gran competencia donde entrenadores de todo el mundo se enfrentan en batallas Pokémon.', 5),
(155, 'Carrera Aérea', '2023-01-30', 'Participa en una emocionante carrera aérea junto a tus Pokémon voladores y conquista los cielos en este desafío único.', 4),
(156, 'Torneo de Leyendas', '2023-03-19', 'Enfrenta a los Pokémon legendarios más poderosos en el torneo de leyendas y demuestra tu valía como entrenador supremo.', 3),
(157, 'Festival de Fuego', '2023-05-05', 'Celebra la pasión y el poder del fuego junto a Pokémon de tipo fuego en este festival lleno de actividades y competencias.', 2),
(158, 'Evento Celestial', '2023-06-21', 'Contempla la belleza del cielo estrellado y descubre Pokémon místicos en un evento celestial lleno de maravillas.', 1),
(159, 'Torneo de la Liga', '2023-08-12', 'Enfréntate a los mejores entrenadores en el torneo de la liga y lucha por el título de campeón de la región.', 8),
(160, 'Fiesta Tropical', '2023-10-04', 'Sumérgete en una fiesta llena de diversión y alegría en una isla tropical con Pokémon de tipo planta y agua.', 7),
(161, 'Concurso de Elegancia', '2022-09-18', 'Participa en el prestigioso concurso de elegancia y muestra la gracia y belleza de tus Pokémon.', 4),
(162, 'Desfile Pokémon', '2021-12-05', 'Únete al desfile de Pokémon más grande del año y muestra tus Pokémon favoritos a una multitud emocionada.', 7),
(163, 'Competencia Musical', '2022-08-30', 'Demuestra tus habilidades musicales en la competencia donde entrenadores y Pokémon se unen en armonía.', 2),
(164, 'Evento en la Playa', '2022-06-11', 'Disfruta de un día lleno de diversión en la playa con actividades acuáticas y la compañía de Pokémon playeros.', 6),
(165, 'Torneo de Maestros', '2022-04-22', 'Enfréntate a los entrenadores más talentosos y poderosos en el torneo de maestros y lucha por la supremacía.', 3),
(166, 'Carrera Extrema', '2021-11-28', 'Participa en la carrera más extrema y desafiante junto a tus Pokémon veloces en un terreno lleno de obstáculos.', 5),
(167, 'Festival de Hielo', '2022-02-14', 'Sumérgete en el mundo congelado del Festival de Hielo, donde encontrarás Pokémon de tipo hielo y emocionantes actividades.', 1),
(168, 'Concurso de Moda', '2022-03-19', 'Demuestra tu sentido único de la moda y el estilo en el concurso donde los Pokémon lucen sus mejores atuendos.', 8),
(169, 'Festival de las Flores', '2022-07-02', 'Admira la belleza de las flores en el festival anual donde Pokémon de tipo planta se unen en celebración.', 4),
(170, 'Gran Torneo de Batalla', '2021-10-10', 'Participa en el torneo de batalla más grande y desafiante, donde solo los entrenadores más fuertes pueden competir.', 7),
(171, 'Evento Cósmico', '2022-05-27', 'Explora el vasto cosmos y descubre los secretos de los Pokémon espaciales en un evento cósmico lleno de misterios.', 2),
(172, 'Desafío de la Cueva', '2021-12-01', 'Atrévete a explorar una cueva misteriosa llena de desafíos y enfrenta a Pokémon salvajes en una emocionante aventura.', 6),
(173, 'Torneo de Élite', '2022-03-03', 'Enfréntate a los mejores entrenadores en el torneo de élite y lucha por el título de campeón supremo de la región.', 3),
(174, 'Carrera en la Ciudad', '2021-09-11', 'Corre a través de las bulliciosas calles de la ciudad en una carrera emocionante con tus Pokémon más rápidos.', 5),
(175, 'Festival de Fantasía', '2022-01-15', 'Sumérgete en un mundo de fantasía y maravillas en el festival mágico donde los Pokémon se vuelven reales.', 1),
(176, 'Competencia Aérea', '2022-04-08', 'Demuestra tus habilidades en el aire en una competencia aérea donde entrenadores y Pokémon vuelan hacia la victoria.', 8),
(177, 'Torneo Submarino', '2022-08-20', 'Explora las profundidades del océano en el torneo submarino, donde los Pokémon acuáticos compiten por el título.', 4),
(178, 'Desafío de la Torre', '2022-02-02', 'Supera el desafío de la torre en una escalada épica hacia la cima, enfrentándote a poderosos entrenadores en cada piso.', 7),
(179, 'Festival de Fuego', '2022-06-25', 'Celebra el poder y la pasión del fuego en un festival lleno de actividades, concursos y espectáculos con Pokémon de tipo fuego.', 2),
(180, 'Concurso de Talentos', '2022-03-12', 'Muestra tus talentos únicos y especiales en el concurso donde los entrenadores y sus Pokémon brillan en el escenario.', 6),
(181, 'Carrera en la Montaña', '2022-09-03', 'Participa en una emocionante carrera por las empinadas montañas, desafiando a entrenadores y Pokémon en un terreno accidentado.', 5),
(182, 'Fiesta en la Playa', '2022-07-17', 'Disfruta de una animada fiesta en la playa con música, baile y divertidos concursos con la presencia de Pokémon playeros.', 1),
(183, 'Torneo de Duelos', '2022-05-10', 'Enfréntate a otros entrenadores en un torneo de duelos Pokémon, demostrando tus habilidades estratégicas y lazos con tus compañeros.', 8),
(184, 'Competencia Acuática', '2022-02-26', 'Demuestra tus habilidades acuáticas en una competencia repleta de desafíos y pruebas acuáticas con tus Pokémon acuáticos.', 4),
(185, 'Festival de la Naturaleza', '2022-04-30', 'Celebra la belleza y diversidad de la naturaleza en un festival lleno de actividades, exhibiciones y encuentros con Pokémon de tipo planta.', 3),
(186, 'Gran Concurso Pokémon', '2022-08-15', 'Participa en un gran concurso donde entrenadores y Pokémon compiten en diferentes categorías de exhibición y talento.', 7),
(187, 'Desafío del Laberinto', '2022-01-08', 'Entra al laberinto misterioso lleno de desafíos y enigmas, y encuentra la salida enfrentando a Pokémon salvajes en el camino.', 2),
(188, 'Torneo de Batalla Épica', '2022-06-05', 'Enfréntate a los entrenadores más poderosos y experimentados en un torneo de batalla épica, donde solo los mejores pueden sobrevivir.', 6),
(189, 'Carrera en la Ciudad Antigua', '2022-03-27', 'Corre por las estrechas calles y antiguos edificios de la ciudad antigua en una carrera desafiante con tus Pokémon más ágiles.', 5),
(190, 'Festival de los Sueños', '2022-07-30', 'Sumérgete en un mundo de sueños y fantasía en un festival donde los Pokémon y los deseos se unen en una experiencia mágica.', 1),
(191, 'Concurso de Arte Pokémon', '2022-09-21', 'Demuestra tu talento artístico en el concurso de arte Pokémon, donde entrenadores crean impresionantes obras de arte inspiradas en sus compañeros.', 8),
(192, 'Torneo de la Cumbre', '2022-04-14', 'Enfréntate a entrenadores en un torneo en la cima de una montaña, enfrentando difíciles desafíos y demostrando tu valentía y habilidades.', 4),
(193, 'Fiesta Nocturna', '2022-02-18', 'Únete a la fiesta nocturna llena de música, baile y diversión, donde los entrenadores y sus Pokémon disfrutan de la vida nocturna.', 7),
(194, 'Desafío Extremo', '2022-06-10', 'Supera el desafío extremo, una serie de pruebas intensas y peligrosas en diferentes entornos, poniendo a prueba tus habilidades y resistencia.', 2),
(195, 'Gran Torneo de Batalla', '2022-08-05', 'Participa en el gran torneo de batalla, donde los entrenadores más poderosos y talentosos se enfrentan en épicas batallas Pokémon.', 6),
(196, 'Expedición a lo Desconocido', '1998-05-15', 'Atrévete a explorar tierras inexploradas y descubre secretos ocultos en una expedición llena de misterio y emociones.', 3),
(197, 'Festival de los Elementos', '1997-09-20', 'Celebra la armonía de los elementos en un festival único, donde entrenadores y Pokémon se unen para honrar el poder de la naturaleza.', 4),
(198, 'Torneo de Leyendas', '1999-03-10', 'Enfréntate a las leyendas de la región en un torneo legendario, donde solo los entrenadores más valientes pueden probar su valía.', 2),
(199, 'Desafío en las Ruinas', '1996-11-28', 'Adéntrate en las antiguas ruinas y resuelve los acertijos y desafíos que te esperan, desentrañando los secretos de los Pokémon ancestrales.', 5),
(200, 'Festival de los Sueños', '1997-07-05', 'Sumérgete en un mundo de sueños y fantasía en un festival mágico, donde los Pokémon y los deseos se unen en una experiencia única.', 1),
(201, 'Concurso de Talentos', '1998-12-12', 'Muestra tus talentos únicos en el concurso de talentos Pokémon, donde entrenadores de todo el mundo exhiben habilidades extraordinarias.', 7),
(202, 'Torneo de Élite', '1996-08-25', 'Enfréntate a los mejores entrenadores en el torneo de élite, donde solo los más fuertes y estratégicos pueden alcanzar la cima.', 6),
(203, 'Carrera en la Selva', '1999-01-18', 'Corre a través de la densa selva y supera obstáculos desafiantes en una carrera llena de aventuras y emociones junto a tus Pokémon.', 8),
(204, 'Fiesta de Invierno', '1997-12-24', 'Celebra la magia de la temporada invernal en una fiesta llena de alegría, juegos en la nieve y la compañía de adorables Pokémon de hielo.', 3),
(205, 'Desafío en la Cueva', '1998-02-03', 'Explora una misteriosa cueva llena de peligros y desafíos, donde solo los más valientes y habilidosos pueden llegar a lo más profundo.', 2),
(206, 'Gran Exhibición', '1999-06-07', 'Participa en la gran exhibición, un evento donde los entrenadores y sus Pokémon muestran su elegancia y talento en deslumbrantes actuaciones.', 4),
(207, 'Carrera en el Desierto', '1996-10-21', 'Desafía el ardiente sol y las dunas traicioneras en una carrera a través del desierto, demostrando la resistencia y velocidad de tus Pokémon.', 5),
(208, 'Festival de las Estaciones', '2019-09-30', 'Celebra el cambio de estaciones con un festival lleno de color y magia, donde los Pokémon reflejan la belleza de la naturaleza.', 1),
(209, 'Desafío Acuático', '2018-07-12', 'Sumérgete en una emocionante competencia acuática, donde entrenadores y Pokémon demuestran sus habilidades en desafíos acuáticos.', 3),
(210, 'Carrera en la Montaña', '2021-05-18', 'Atrévete a conquistar alturas increíbles en una carrera extrema por las montañas, desafiando la gravedad y superando obstáculos.', 6),
(211, 'Torneo Elemental', '2017-11-24', 'Enfrenta a los mejores entrenadores de cada elemento en un torneo épico, donde el poder elemental determina la victoria.', 2),
(212, 'Fiesta de los Sueños', '2020-02-29', 'Adéntrate en un mundo de ensueño en una fiesta mágica, donde los Pokémon hacen realidad tus deseos más profundos.', 4),
(213, 'Desafío en el Bosque', '2019-06-08', 'Explora un bosque encantado lleno de desafíos y misterios, donde los Pokémon salvajes pondrán a prueba tus habilidades de entrenador.', 5),
(214, 'Gran Exhibición Pokémon', '2018-10-17', 'Disfruta de una impresionante exhibición donde los entrenadores y sus Pokémon muestran su talento en increíbles actuaciones.', 7),
(215, 'Concurso de Moda', '2021-08-05', 'Demuestra tu estilo y creatividad en un emocionante concurso de moda Pokémon, donde los trajes y accesorios son tan importantes como las habilidades de combate.', 8),
(216, 'Desafío en la Ciudad', '2017-04-20', 'Supera una serie de desafíos en una ciudad llena de obstáculos y sorpresas, demostrando tus habilidades de entrenador en un entorno urbano.', 3),
(217, 'Carrera en la Playa', '2022-07-09', 'Corre por la arena y las olas en una emocionante carrera en la playa, disfrutando del sol, el mar y la compañía de los Pokémon acuáticos.', 1),
(218, 'Torneo de Élite', '2020-11-02', 'Enfréntate a los entrenadores más fuertes y estratégicos en el torneo de élite, donde solo los mejores pueden alcanzar la gloria y el reconocimiento.', 6);

go
-- Insertar datos en la tabla Generaciones
INSERT INTO [Generaciones] (ID, Nombre) VALUES
    (1, 'Primera Generación'),
    (2, 'Segunda Generación'),
    (3, 'Tercera Generación'),
    (4, 'Cuarta Generación'),
    (5, 'Quinta Generación'),
    (6, 'Sexta Generación'),
    (7, 'Séptima Generación'),
    (8, 'Octava Generación');

go
-- Insertar datos en la tabla Tipos
INSERT INTO [Tipos] (ID, Nombre) VALUES
    (1, 'Normal'),
    (2, 'Fuego'),
    (3, 'Agua'),
    (4, 'Planta'),
    (5, 'Eléctrico'),
    (6, 'Hielo'),
    (7, 'Lucha'),
    (8, 'Veneno'),
    (9, 'Tierra'),
    (10, 'Volador'),
    (11, 'Psíquico'),
    (12, 'Bicho'),
    (13, 'Roca'),
    (14, 'Fantasma'),
    (15, 'Dragón'),
    (16, 'Siniestro'),
    (17, 'Acero'),
    (18, 'Hada');

go
-- Insertar datos en la tabla habilidades
INSERT INTO [Habilidades] (ID, Nombre) VALUES
    (1, 'Espesura'), (2, 'Mar Llamas'), (3, 'Torrente'), (4, 'Chorro Arena'), (5, 'Poder Solar'), (6, 'Entusiasmo'), (7, 'Manto Frondoso'), (8, 'Intimidación'), (9, 'Piel Eléctrica'), (10, 'Presión'), (11, 'Ojocompuesto'), (12, 'Cuerpo Llama'), (13, 'Corte Fuerte'), (14, 'Despiste'), (15, 'Velo Arena'), (16, 'Efecto Espora'), (17, 'Absorbe Agua'), (18, 'Goteo'), (19, 'Robustez'), (20, 'Levitación'), (21, 'Inmunidad'), (22, 'Foco Interno'), (23, 'Despiste'), (24, 'Ojo Compuesto'), (25, 'Mar del Alba'), (26, 'Torrente'), (27, 'Ojo de lince'), (28, 'Cuerpo Frágil'), (29, 'Levitón'), (30, 'Alerta'), (31, 'Foco Energía'), (32, 'Foco Interno'), (33, 'Humedad'), (34, 'Electricidad Estática'), (35, 'Robustez'), (36, 'Vista Lince'), (37, 'Entusiasmo'), (38, 'Presión'), (39, 'Filtro'), (40, 'Gula'), (41, 'Mar del Alba'), (42, 'Defensa Frágil'), (43, 'Llovizna'), (44, 'Sincronía'), (45, 'Punto Tóxico'), (46, 'Levitón'), (47, 'Regeneración'), (48, 'Cuerpo Líquido'), (49, 'Allanamiento'), (50, 'Presión'), (51, 'Humo Blanco'), (52, 'Impasible'), (53, 'Super Absorbe'), (54, 'Torrente'), (55, 'Aroma Floral'), (56, 'Enjambre'), (57, 'Pararrayos'), (58, 'Punto Tóxico'), (59, 'Poder Arena'), (60, 'Punto Ancla'), (61, 'Afortunado'), (62, 'Sincronía'), (63, 'Velo Arena'), (64, 'Cacheo'), (65, 'Bucle Aire'), (66, 'Velo Caucho'), (67, 'Robustez'), (68, 'Cuerpo Puro'), (69, 'Madrugar'), (70, 'Electricidad Estática'), (71, 'Defensa Frágil'), (72, 'Humedad'), (73, 'Levitón'), (74, 'Cuerpo Puro'), (75, 'Allanamiento'), (76, 'Presión'), (77, 'Poder Arena'), (78, 'Foco Interno'), (79, 'Vista Lince'), (80, 'Torrente'), (81, 'Robustez'), (82, 'Levitón'), (83, 'Punto Tóxico'), (84, 'Cuerpo Líquido'), (85, 'Super Absorbe'), (86, 'Impasible'), (87, 'Presión'), (88, 'Levitación'), (89, 'Afortunado'), (90, 'Sincronía'), (91, 'Punto Tóxico'), (92, 'Pararrayos'), (93, 'Velo Arena'), (94, 'Punto Ancla'), (95, 'Velo Caucho'), (96, 'Madrugar'), (97, 'Cuerpo Puro'), (98, 'Humedad'), (99, 'Allanamiento'), (100, 'Foco Interno'),(101, 'Banco de Arena'),
(102, 'Batería'),
(103, 'Bayas Soco'),
(104, 'Bella Voz'),
(105, 'Benigno'),
(106, 'Bomba Germen'),
(107, 'Cabeza Roca'),
(108, 'Cabeza Tóxica'),
(109, 'Cadena'),
(110, 'Calcogénesis'),
(111, 'Calcinación'),
(112, 'Calma'),
(113, 'Camuflaje'),
(114, 'Capa Fría'),
(115, 'Cara Susto'),
(116, 'Carroñero'),
(117, 'Cauda Gélida'),
(118, 'Cegador'),
(119, 'Ciclón'),
(120, 'Ciclón Feroz'),
(121, 'Cielo Cerrado'),
(122, 'Cobardía'),
(123, 'Cólera'),
(124, 'Cólera Tóxica'),
(125, 'Colilla'),
(126, 'Colmillo Ígneo'),
(127, 'Colmillo Rayo'),
(128, 'Colmillo Veneno'),
(129, 'Color Tóxico'),
(130, 'Combustión'),
(131, 'Comer Rocas'),
(132, 'Comer Sueños'),
(133, 'Concha Filo'),
(134, 'Confusión'),
(135, 'Construcción'),
(136, 'Contacto'),
(137, 'Contestón'),
(138, 'Contoneo'),
(139, 'Contracorriente'),
(140, 'Control Mental'),
(141, 'Cor. Cielo'),
(142, 'Cor. Trueno'),
(143, 'Coraza Manto'),
(144, 'Coraza Veloz'),
(145, 'Corte Flor'),
(146, 'Cuerpo Ardiente'),
(147, 'Cuerpo Colorido'),
(148, 'Cuerpo Llama'),
(149, 'Cuerpo Maldito'),
(150, 'Cuerpo Pesado'),
(151, 'Cuerpo Puro'),
(152, 'Cuerpo Vívido'),
(153, 'Cuerno Certero'),
(154, 'Cuerno Doble'),
(155, 'Cuerno Marfil'),
(156, 'Cuerno Veneno'),
(157, 'Cuerno Z'),
(158, 'Cura Alma'),
(159, 'Cura Antigua'),
(160, 'Cura Frío'),
(161, 'Cura Floral'),
(162, 'Cura Flor'),
(163, 'Cura Floral'),
(164, 'Cura Lluvia'),
(165, 'Cura Maravilla'),
(166, 'Cura Natural'),
(167, 'Cura Ocaso'),
(168, 'Cura Radiante'),
(169, 'Cura Zen'),
(170, 'Curación Acelerada'),
(171, 'Curación Curiosa'),
(172, 'Curación Gélida'),
(173, 'Curación Líquida'),
(174, 'Curación Nocturna'),
(175, 'Curación Oceánica'),
(176, 'Curación Oxidante'),
(177, 'Curación Planta'),
(178, 'Curación Refrescante'),
(179, 'Curación Refugio'),
(180, 'Curación Rubí'),
(181, 'Curación Soleada'),
(182, 'Curación Veneno'),
(183, 'Curación Ventosa'),
(184, 'Curación Vibrante'),
(185, 'Curación Violeta'),
(186, 'Curación Vital'),
(187, 'Curación Z'),
(188, 'Curación Ígnea'),
(189, 'Curacion Veneno'),
(190, 'CuraTóxica'),
(191, 'Danza Antigua'),
(192, 'Danza Coral'),
(193, 'Danza de Espada'),
(194, 'Danza del Dragón'),
(195, 'Danza de las Alas'),
(196, 'Danza de la Lluvia'),
(197, 'Danza de los Puños'),
(198, 'Danza del Viento'),
(199, 'Danza del Hielo'),
(200, 'Danza Drenaje'),
(201, 'Danza Flamenca'),
(202, 'Danza Marina'),
(203, 'Danza Milenaria'),
(204, 'Danza Origami'),
(205, 'Danza Pétalo'),
(206, 'Danza Sísmica'),
(207, 'Danza Solar'),
(208, 'Danza Temible'),
(209, 'Danza Ventisca'),
(210, 'Danza Vendaval'),
(211, 'Danza Veraniega'),
(212, 'Danza Vibrante'),
(213, 'Danza Z'),
(214, 'Danza Ígnea'),
(215, 'Danza Última'),
(216, 'Def. Trampa'),
(217, 'Def. Veneno'),
(218, 'Delicia'),
(219, 'Delusión'),
(220, 'Demolición'),
(221, 'Demora'),
(222, 'Dentadura'),
(223, 'Derrumbar'),
(224, 'Desc. Solar'),
(225, 'Descanso'),
(226, 'Descarga'),
(227, 'Desenrollar'),
(228, 'Despejar'),
(229, 'Detección'),
(230, 'Día de Pago'),
(231, 'Día Soleado'),
(232, 'Día Triste'),
(233, 'Dígito Extremo'),
(234, 'Doble Afilado'),
(235, 'Doble Ataque'),
(236, 'Doble Bofetón'),
(237, 'Doble Corte'),
(238, 'Doble Equipo'),
(239, 'Doble Filo'),
(240, 'Doble Fuerza'),
(241, 'Doble Golpe'),
(242, 'Doble Látigo'),
(243, 'Doble Rayo'),
(244, 'Doble Tóxico'),
(245, 'Dormilón'),
(246, 'Dormitar'),
(247, 'Drenadoras'),
(248, 'Drenadoras Gigantes'),
(249, 'Ducha Bacteriana'),
(250, 'Ducha Ígnea'),
(251, 'Ducha Oxidante'),
(252, 'Ducha Planta'),
(253, 'Ducha Veneno'),
(254, 'Ecolocación'),
(255, 'Efecto Flor'),
(256, 'Efecto Llameante'),
(257, 'Efecto Mar'),
(258, 'Efecto Nieve'),
(259, 'Efecto Sol'),
(260, 'Efecto Veneno'),
(261, 'Efecto Ventisca'),
(262, 'Efecto Ígneo'),
(263, 'Efecto Índigo'),
(264, 'Efecto Ónice'),
(265, 'Efecto Pétalo'),
(266, 'Efecto Solar'),
(267, 'Efecto Umbral'),
(268, 'Efecto Vívido'),
(269, 'Efecto Violeta'),
(270, 'Efecto Z'),
(271, 'Efecto Ígneo'),
(272, 'Efecto Ópalo'),
(273, 'Cura Caída'),
(274, 'Cura Golpe'),
(275, 'Cura Ataque'),
(276, 'Cura Defensa'),
(277, 'Cura Velocidad'),
(278, 'Cura Precisión'),
(279, 'Cura Evolución'),
(280, 'Cura Enfermedad'),
(281, 'Cura Debilidad'),
(282, 'Cura Movimiento'),
(283, 'Poder Desconocido'),
(284, 'Guarda Cuerpo'),
(285, 'Luz Color'),
(286, 'Escudo Batalla'),
(287, 'Búsqueda Tesoros'),
(288, 'Detecta Presas'),
(289, 'Alerta'),
(290, 'Velo de Hadas'),
(291, 'Velo Psíquico'),
(292, 'Velo Luchador'),
(293, 'Velo Fantasma'),
(294, 'Velo Acero'),
(295, 'Velo Dragón'),
(296, 'Velo Tierra'),
(297, 'Velo Veneno'),
(298, 'Velo Siniestro'),
(299, 'Velo Fuego'),
(300, 'Velo Agua'),
(301, 'Velo Planta'),
(302, 'Velo Eléctrico'),
(303, 'Velo Volador'),
(304, 'Velo Hielo'),
(305, 'Velo Insecto'),
(306, 'Velo Roca'),
(307, 'Velo Normal'),
(308, 'Velo Hada'),
(309, 'Velo Psíquico'),
(310, 'Velo Luchador'),
(311, 'Cura Debilidad')
go
-- Insertar datos en la tabla Movimientos
INSERT INTO [Movimientos] (ID, Nombre, TipoID) VALUES
    (1, 'Placaje', 1),
    (2, 'Lanzallamas', 2),
    (3, 'Hidrobomba', 3),
    (4, 'Látigo Cepa', 4),
    (5, 'Impactrueno', 5),
    (6, 'Ventisca', 6),
    (7, 'Golpe Karate', 7),
    (8, 'Rayo Veneno', 8),
    (9, 'Terremoto', 9),
    (10, 'Vuelo', 10),
    (11, 'Confusión', 11),
    (12, 'Picadura', 12),
    (13, 'Pedrada', 13),
    (14, 'Pesadilla', 14),
    (15, 'Cola Dragón', 15),
    (16, 'Mordisco', 16),
    (17, 'Cabezazo Zen', 11),
    (18, 'Drenadoras', 4),
    (19, 'Fortaleza', 1),
    (20, 'Beso Amoroso', 1),
    (21, 'Absorber', 4),
    (22, 'A bocajarro', 7),
    (23, 'A bocajarro igneo', 2),
    (24, 'A bocajarro Umbrio', 16),
    (25, 'Acrobata', 10),
    (26, 'Acua aro', 3),
    (27, 'Acua cola', 3),
    (28, 'Acua jet', 3),
    (29, 'Acua rafaga', 3),
    (30, 'Acua vero', 3),
    (31, 'Agilidad', 11),
    (32, 'Agua lodosa', 3),
    (33, 'Agua malva', 3),
    (34, 'Agua viva', 3),
    (35, 'Aguante', 1),
    (36, 'Aguante maximo', 1),
    (37, 'Aguzar', 1),
    (38, 'Alarido', 1),
    (39, 'Alboroto', 1),
    (40, 'Alivio', 1),
    (41, 'Alud', 6),
    (42, 'Amago', 1),
    (43, 'Amnesia', 11),
    (44, 'Anclaje', 3),
    (45, 'Anillo igneo', 2),
    (46, 'Antiaereo', 10),
    (47, 'Anticura', 4),
    (48, 'Antidoto', 8),
    (49, 'Antojo', 1),
    (50, 'Apatia', 16),
    (51, 'Aplastante', 1),
    (52, 'Apoderarse', 12),
    (53, 'Chorro de Agua', 3),
(54, 'Tajo Aéreo', 10),
(55, 'Cuchillada Aérea', 10),
(56, 'Tajo Aéreo', 10),
(57, 'Cuchillada Aérea', 10),
(58, 'Cambio Banda', 11),
(59, 'Amnesia', 11),
(60, 'Anclaje', 17),
(61, 'Poder Pasado', 13),
(62, 'Aqua Ring', 3),
(63, 'Cola de Agua', 3),
(64, 'Aromaterapia', 4),
(65, 'Niebla Aromática', 4),
(66, 'Ayuda', 1),
(67, 'Asegurar', 16),
(68, 'Impresionar', 8),
(69, 'Órden de Ataque', 12),
(70, 'Atracción', 1),
(71, 'Esfera Aural', 7),
(72, 'Rueda Eléctrica', 16),
(73, 'Rayo Aurora', 6),
(74, 'Velo Aurora', 6),
(75, 'Aligerar', 9),
(76, 'Alud', 15),
(77, 'Ojitos Tiernos', 17),
(78, 'Mal de Ojo', 16),
(79, 'Búnker Tóxico', 8),
(80, 'Aluvión', 1),
(81, 'Barrera', 11),
(82, 'Relevo', 1),
(83, 'Pico Cañón', 10),
(84, 'Golpe Bajo', 16),
(85, 'Eructo', 8),
(86, 'Tambor', 1),
(87, 'Ceder', 1),
(88, 'Venganza', 1),
(89, 'Lazo', 1),
(90, 'Mordisco', 16),
(91, 'Llamarada', 2),
(92, 'Patada Ígnea', 2),
(93, 'Ventisca', 6),
(94, 'Pistola Agua', 3),
(95, 'Pájaro Osado', 10),
(96, 'Viento Aciago', 10),
(97, 'Bofetón Lodo', 4),
(98, 'Bomba Lodo', 4),
(99, 'Pulso Umbrío', 16),
(100, 'Pulso Primigenio', 9),
(101, 'Hipnosis', 14),
(102, 'Sueño', 14),
(103, 'Beso Dulce', 18),
(104, 'Golpe Cuerpo', 1),
(105, 'Golpe Cabeza', 1),
(106, 'Falsotortazo', 1),
(107, 'Fuerza Bruta', 1),
(108, 'Demolición', 1),
(109, 'Golpe Roca', 13),
(110, 'Tumba Rocas', 13),
(111, 'Puño Bala', 1),
(112, 'Ráfaga', 11),
(113, 'Onda Trueno', 5),
(114, 'Electrocañón', 5),
(115, 'Voltiocambio', 5),
(116, 'Sofoco', 2),
(117, 'Golpe Umbrío', 16),
(118, 'Luz Lunar', 14),
(119, 'Fuerza Lunar', 14),
(120, 'Danza Lluvia', 3),
(121, 'Avalancha', 6),
(122, 'Escaldar', 3),
(123, 'Sofoco', 2),
(124, 'Enfado', 16),
(125, 'Ataque Giratorio', 1),
(126, 'Giro Rápido', 1),
(127, 'Chirrido', 7),
(128, 'Canto', 1),
(129, 'Canto Mortal', 1),
(130, 'Bostezo', 1),
(131, 'Puño Fuego', 2),
(132, 'Patada Giro', 7),
(133, 'Golpe Aéreo', 10),
(134, 'Giro Fuego', 2),
(135, 'Joroba', 1),
(136, 'Ascuas', 2),
(137, 'Martillazo', 1),
(138, 'Puño Hielo', 6),
(139, 'Vaho Gélido', 6),
(140, 'Viento Hielo', 6),
(141, 'Lanzallamas', 2),
(142, 'Pirotecnia', 2),
(143, 'Gruñido', 1),
(144, 'Alarido', 1),
(145, 'Gruñido', 1),
(146, 'Rugido', 1),
(147, 'Mordisco', 16),
(148, 'Picotazo', 10),
(149, 'Ataque Ala', 10),
(150, 'Pájaro Osado', 10),
(151, 'Viento Aciago', 10),
(152, 'Rayo', 5),
(153, 'Electrocañón', 5),
(154, 'Chispa', 5),
(155, 'Desenrollar', 1),
(156, 'Giro Rápido', 1),
(157, 'Golpe Cabeza', 1),
(158, 'Cabezazo Zen', 11),
(159, 'Cabezazo', 1),
(160, 'Demolición', 1),
(161, 'Terratemblor', 9),
(162, 'Excavar', 9),
(163, 'Terremoto', 9),
(164, 'Furia', 1),
(165, 'Fuerza Bruta', 1),
(166, 'Enfado', 16),
(167, 'Hiperrayo', 1),
(168, 'Sofoco', 2),
(169, 'Ventisca', 6),
(170, 'Viento Plata', 9),
(171, 'Vendaval', 6),
(172, 'Danza Espada', 1),
(173, 'Rapidez', 11),
(174, 'Golpe Rápido', 1),
(175, 'Hoja Afilada', 4),
(176, 'Tajo Cruzado', 1),
(177, 'Hoja Aguda', 4),
(178, 'Rayo Solar', 4),
(179, 'Danza Pétalo', 4),
(180, 'Aromaterapia', 4),
(181, 'Foco Resplandor', 11),
(182, 'Burbuja', 3),
(183, 'Hidropulso', 3),
(184, 'Hidrobomba', 3),
(185, 'Chorro de Agua', 3),
(186, 'Hidrocañón', 3),
(187, 'Giro Fuego', 2),
(188, 'Llamarada', 2),
(189, 'Lanzallamas', 2),
(190, 'Pirotecnia', 2),
(191, 'Bofetón Lodo', 4),
(192, 'Bomba Lodo', 4),
(193, 'Lanza Mugre', 4),
(194, 'Hedor', 4),
(195, 'Canto Helado', 6),
(196, 'Viento Hielo', 6),
(197, 'Ventisca', 6),
(198, 'Pulso Umbrío', 16),
(199, 'Pulso Dragón', 15),
(200, 'Pulso Psíquico', 11),
(201, 'Viento Plata', 9),
(202, 'Gruñido', 1),
(203, 'Granizo', 6),
(204, 'Manto Frondoso', 4),
(205, 'Planta Feroz', 4),
(206, 'Hierba Lazo', 4),
(207, 'Hoja Mágica', 4),
(208, 'Hoja Afilada', 4),
(209, 'Rayo Solar', 4),
(210, 'Lluevehojas', 4),
(211, 'Planta Fija', 4),
(212, 'Fuerza Bruta', 1),
(213, 'Martillazo', 1),
(214, 'Golpe Cabeza', 1),
(215, 'Furia', 1),
(216, 'A Bocajarro', 7),
(217, 'A Bocajarro Ígneo', 2),
(218, 'A Bocajarro Umbrío', 16),
(219, 'Doblepatada', 7),
(220, 'Golpe Bajo', 16),
(221, 'Terratemblor', 9),
(222, 'Excavar', 9),
(223, 'Terremoto', 9),
(224, 'Avalancha', 6),
(225, 'Cabezahierro', 9),
(226, 'Cabezazo Zen', 11),
(227, 'Demolición', 1),
(228, 'Terratemblor', 9),
(229, 'Furia', 1),
(230, 'Fuerza Bruta', 1),
(231, 'Golpe Karate', 7),
(232, 'Golpe Bajo', 16),
(233, 'Puño Bala', 1),
(234, 'Puño Certero', 7),
(235, 'Puño Dinámico', 7),
(236, 'Puño Fuego', 2),
(237, 'Puño Hielo', 6),
(238, 'Puño Sombra', 16),
(239, 'Puño Trueno', 5),
(240, 'Estruendo', 1),
(241, 'Frustración', 1),
(242, 'Venganza', 1),
(243, 'Golpe Cabecera', 1),
(244, 'Placaje Eléctrico', 5),
(245, 'Ataque Eléctrico', 5),
(246, 'Desquite', 16),
(247, 'Venganza', 1),
(248, 'Ataque Ígneo', 2),
(249, 'Furia Dragón', 15),
(250, 'Rayo', 5),
(251, 'Venganza', 1),
(252, 'Bofetón Lodo', 4),
(253, 'Bomba Lodo', 4),
(254, 'Lanza Mugre', 4),
(255, 'Canto Helado', 6),
(256, 'Viento Hielo', 6),
(257, 'Vaho Gélido', 6),
(258, 'Pulso Umbrío', 16),
(259, 'Pulso Dragón', 15),
(260, 'Pulso Psíquico', 11),
(261, 'Onda Ígnea', 2),
(262, 'Bola Sombra', 16),
(263, 'Energibola', 4),
(264, 'Onda Certera', 7),
(265, 'Bola Voltio', 5),
(266, 'Onda Ígnea', 2),
(267, 'Garra Umbría', 16),
(268, 'Ciclón', 6),
(269, 'Giro Bola', 9),
(270, 'Sofoco', 2),
(271, 'Pulso Cósmico', 11),
(272, 'Pulso Umbrío', 16),
(273, 'Vozarrón', 1),
(274, 'Drenadoras', 4),
(275, 'Fortaleza', 1),
(276, 'Beso Amoroso', 1),
(277, 'Absorber', 4),
(278, 'A Bocajarro', 7),
(279, 'A Bocajarro Ígneo', 2),
(280, 'A Bocajarro Umbrío', 16),
(281, 'Acrobacia', 10),
(282, 'Aro de Agua', 3),
(283, 'Cola Acua', 3),
(284, 'Aerochorro', 3),
(285, 'Vórtice Ígneo', 3),
(286, 'Vuelo Acrobático', 3),
(287, 'Agilidad', 11),
(288, 'Agua Lodosa', 3),
(289, 'Agua Malva', 3),
(290, 'Agua Viva', 3),
(291, 'Aguante', 1),
(292, 'Aguante Máximo', 1),
(293, 'Aguzar', 1),
(294, 'Alarido', 1),
(295, 'Alboroto', 1),
(296, 'Alivio', 1),
(297, 'Alud', 6),
(298, 'Amago', 1),
(299, 'Amnesia', 11),
(300, 'Anclaje', 3),
(301, 'Ataque Aéreo', 10),
(302, 'Rayo de Hielo', 6),
(303, 'Garra de Sombra', 16),
(304, 'Carga Parásita', 8),
(305, 'Vendetta', 1),
(306, 'Energibola', 4),
(307, 'Hiperrayo', 1),
(308, 'Bola Férrea', 9),
(309, 'Martillo Demoledor', 1),
(310, 'Megacuerno', 12),
(311, 'Rayo Aurora', 6),
(312, 'Gigaimpacto', 1),
(313, 'Martillo Infernal', 2),
(314, 'Corte Furia', 1),
(315, 'Foco Resplandor', 2),
(316, 'Alarido Dragón', 15),
(317, 'Avalancha', 6),
(318, 'Sofoco', 2),
(319, 'Giga Impacto', 1),
(320, 'Rugido', 1),
(321, 'Venganza', 1),
(322, 'Bola Sombra', 16),
(323, 'Psicocarga', 11),
(324, 'Garra Umbría', 16),
(325, 'Hiperrayo', 1),
(326, 'Energibola', 4),
(327, 'Hiperrayo', 1),
(328, 'Ataque Aéreo', 10),
(329, 'Rayo de Hielo', 6),
(330, 'Garra de Sombra', 16),
(331, 'Carga Parásita', 8),
(332, 'Vendetta', 1),
(333, 'Energibola', 4),
(334, 'Hiperrayo', 1),
(335, 'Bola Férrea', 9),
(336, 'Martillo Demoledor', 1),
(337, 'Megacuerno', 12),
(338, 'Rayo Aurora', 6),
(339, 'Gigaimpacto', 1),
(340, 'Martillo Infernal', 2),
(341, 'Corte Furia', 1),
(342, 'Foco Resplandor', 2),
(343, 'Alarido Dragón', 15),
(344, 'Avalancha', 6),
(345, 'Sofoco', 2),
(346, 'Giga Impacto', 1),
(347, 'Rugido', 1),
(348, 'Venganza', 1),
(349, 'Bola Sombra', 16),
(350, 'Psicocarga', 11),
(351, 'Avalancha', 6),
(352, 'Sofoco', 2),
(353, 'Giga Impacto', 1),
(354, 'Rugido', 1),
(355, 'Venganza', 1),
(356, 'Bola Sombra', 16),
(357, 'Psicocarga', 11),
(358, 'Ataque Rápido', 1),
(359, 'Gruñido', 1),
(360, 'Manto Espejo', 4),
(361, 'Canto Mortal', 1),
(362, 'Pulso Umbrío', 16),
(363, 'Rayo Carga', 3),
(364, 'Electrocañón', 3),
(365, 'Poder Oculto', 1),
(366, 'Viento Aciago', 2),
(367, 'Cabezazo Zen', 11),
(368, 'Envite Ígneo', 2),
(369, 'Desarme', 1),
(370, 'Golpe Cuerpo', 1),
(371, 'Acoso', 16),
(372, 'Zumbido', 7),
(373, 'Esfera Aural', 11),
(374, 'Pulso Dragón', 15),
(375, 'Alud', 6),
(376, 'Giro Rápido', 7),
(377, 'Trueno', 5),
(378, 'Rayo', 5),
(379, 'Rayo Solar', 4),
(380, 'Rayo Hielo', 6),
(381, 'Rayo Burbuja', 3),
(382, 'Sofoco', 2),
(383, 'Rayo Aurora', 6),
(384, 'Lanzamiento', 1),
(385, 'Rayo', 5),
(386, 'Cabezazo Zen', 11),
(387, 'Garra Umbría', 16),
(388, 'Alarido', 1),
(389, 'Poder Pasado', 5),
(390, 'Garra Brutal', 16),
(391, 'Gruñido', 1),
(392, 'Avalancha', 6),
(393, 'Mordisco', 16),
(394, 'Hiperrayo', 1),
(395, 'Garra Metal', 9),
(396, 'Giro Bola', 9),
(397, 'Martillazo', 2),
(398, 'Bomba Germen', 4),
(399, 'Bomba Germen', 4),
(400, 'Ataque Furia', 1),
(480, 'Triturar', 16),
(401, 'Tóxico', 8),
(402, 'Gigadrenado', 4),
(403, 'Fuerza bruta', 1),
(404, 'Roca afilada', 13),
(405, 'Terremoto', 9),
(406, 'Fisura', 1),
(407, 'Lanzarrocas', 13),
(408, 'Rayo', 5),
(409, 'Trueno', 5),
(410, 'Bomba lodo', 3),
(411, 'Lanza mugre', 8),
(412, 'Tierra viva', 9),
(413, 'Giro bola', 17),
(414, 'Canto mortal', 1),
(415, 'Espora', 4),
(416, 'Luz lunar', 4),
(417, 'Psicocarga', 11),
(418, 'Rayo confuso', 11),
(419, 'Poder oculto', 1),
(420, 'Cometa draco', 15),
(421, 'Ventisca', 6),
(422, 'Hidrobomba', 3),
(423, 'Pulso de dragón', 15),
(424, 'Esfera aural', 17),
(425, 'A bocajarro', 7),
(426, 'Acua cola', 3),
(427, 'Hidropulso', 3),
(428, 'Rugido', 1),
(429, 'Granizo', 6),
(430, 'Ciclón', 10),
(431, 'Lengüetazo', 8),
(432, 'Nieve polvo', 6),
(433, 'Giro fuego', 2),
(434, 'Bomba húmeda', 3),
(435, 'Bomba fango', 8),
(436, 'Bomba lodo', 3),
(437, 'Canto helado', 6),
(438, 'Pulso umbrío', 16),
(439, 'Pulso de agua', 3),
(440, 'Hidrocañón', 3),
(441, 'Hidropulso', 3),
(442, 'Golpe fantasma', 16),
(443, 'Garras sombrías', 16),
(444, 'Viento cortante', 10),
(445, 'Vendaval', 6),
(446, 'Hojas navaja', 4),
(447, 'Hoja aguda', 4),
(448, 'Rayo solar', 4),
(449, 'Hidropulso', 3),
(450, 'Onda trueno', 5),
(451, 'Campo eléctrico', 5),
(452, 'Rayo burbuja', 3),
(453, 'Acidobomba', 8),
(454, 'Bomba lodo', 3),
(455, 'Bombona humo', 16),
(456, 'Psicorrayo', 11),
(457, 'Giro fuego', 2),
(458, 'Lanzallamas', 2),
(459, 'Niebla', 1),
(460, 'Niebla densa', 1),
(461, 'Llamarada', 2),
(462, 'Nieve polvo', 6),
(463, 'Ventisca', 6),
(464, 'Onda certera', 1),
(465, 'Ventisca', 6),
(466, 'Alud', 6),
(467, 'Fuego fatuo', 7),
(468, 'Giro fuego', 2),
(469, 'Bomba húmeda', 3),
(470, 'Giro oscuro', 16),
(471, 'Hidrocañón', 3),
(472, 'Onda certera', 1),
(473, 'Giro rápido', 1),
(474, 'Giro fuego', 2),
(475, 'Lanzallamas', 2),
(476, 'Trueno', 5),
(477, 'Rayo', 5),
(478, 'Hoja aguda', 4),
(479, 'Aguante', 1),
--(480, 'Aguante máximo', 1),
(481, 'Espacio raro', 14),
(482, 'Cambio de guardia', 1),
(483, 'Truco', 11),
(484, 'Ladronzuelo', 16),
(485, 'Descanso', 11),
(486, 'Travesía aérea', 10),
(487, 'Fuerza telúrica', 9),
(488, 'Hidropulso', 3),
(489, 'Carantoña', 1),
(490, 'Fuerza bruta', 1),
(491, 'Giro rápido', 1),
(492, 'Doble patada', 7),
(493, 'Garra brutal', 16),
(494, 'Garra umbría', 16),
(495, 'Golpe bajo', 16),
(496, 'Finta', 16),
(497, 'Fuerza telúrica', 9),
(498, 'Gruñido', 1),
(499, 'Cabezazo', 1),
(500, 'Triturar', 16),
(501, 'Gruñido', 1),
(502, 'Beso drenaje', 4),
(503, 'Rayo de hielo', 6),
(504, 'Giro bola', 17),
(505, 'Sonámbulo', 11),
(506, 'Rayo de hielo', 6),
(507, 'Bomba de lodo', 8),
(508, 'Cabezazo', 1),
(509, 'Fuerza bruta', 1),
(510, 'Giro bola', 17),
(511, 'Chispa', 5),
(512, 'Agilidad', 11),
(513, 'Rayo', 5),
(514, 'Onda voltio', 5),
(515, 'Desarme', 1),
(516, 'Viento afín', 1),
(517, 'Ciclón', 10),
(518, 'Hiperrayo', 1),
(519, 'Gruñido', 1),
(520, 'Beso drenaje', 4),
(521, 'A bocajarro', 7),
(522, 'Rayo solar', 4),
(523, 'Bomba germen', 4),
(524, 'Lluevehojas', 4),
(525, 'Manto frondoso', 4),
(526, 'Gruñido', 1),
(527, 'Placaje', 1),
(528, 'Golpe cabeza', 1),
(529, 'Golpe roca', 13),
(530, 'Garra sombra', 16),
(531, 'Vendetta', 16),
(532, 'Bostezo', 11),
(533, 'Beso drenaje', 4),
(534, 'Tajo cruzado', 1),
(535, 'Rueda fuego', 2),
(536, 'Tajada', 1),
(537, 'Ala de acero', 10),
(538, 'Tajo umbrío', 16),
(539, 'Placaje', 1),
(540, 'Gruñido', 1),
(541, 'Alarido', 16),
(542, 'Manto frondoso', 4),
(543, 'Bofetón lodo', 8),
(544, 'Gruñido', 1),
(545, 'Golpe cabeza', 1),
(546, 'Golpe roca', 13),
(547, 'Triturar', 16),
(548, 'Gruñido', 1),
(549, 'Alarido', 16),
(550, 'Gruñido', 1),
(551, 'Gruñido', 1),
(552, 'Bola sombra', 16),
(553, 'Poder pasado', 16),
(554, 'Golpe aéreo', 10),
(555, 'Triturar', 16),
(556, 'Gruñido', 1),
(557, 'Ataque furia', 1),
(558, 'Triturar', 16),
(559, 'Gruñido', 1),
(560, 'Bofetón lodo', 8),
(561, 'Gruñido', 1),
(562, 'Bola sombra', 16),
(563, 'Poder pasado', 16),
(564, 'Golpe aéreo', 10),
(565, 'Triturar', 16),
(566, 'Gruñido', 1),
(567, 'Desarme', 1),
(568, 'Machada', 1),
(569, 'Golpe karate', 7),
(570, 'Hierba lazo', 4),
(571, 'Aromaterapia', 4),
(572, 'Rayo confuso', 11),
(573, 'Pulso dragón', 15),
(574, 'Garra dragón', 15),
(575, 'Garra umbría', 16),
(576, 'Onda certera', 1),
(577, 'Corte furia', 1),
(578, 'Golpe bajo', 16),
(579, 'Poder oculto', 1),
(580, 'Golpe bis', 1),
(581, 'Placaje', 1),
(582, 'Gruñido', 1),
(583, 'Carantoña', 1),
(584, 'Lanzallamas', 2),
(585, 'Rayo', 5),
(586, 'Ventisca', 6),
(587, 'Bofetón lodo', 8),
(588, 'Psicocarga', 11),
(589, 'Vendaval', 6),
(590, 'Hierba lazo', 4),
(591, 'Lanzarrocas', 13),
(592, 'Canto mortal', 1),
(593, 'Garra umbría', 16),
(594, 'Pulso sombra', 16),
(595, 'Rayo hielo', 6),
(596, 'Triturar', 16),
(597, 'Gruñido', 1),
(598, 'Bofetón lodo', 8),
(599, 'Garra umbría', 16),
(600, 'Fuerza telúrica', 9),
(601, 'Lanzallamas', 2),
(602, 'Rayo', 5),
(603, 'Ventisca', 6),
(604, 'Hierba lazo', 4),
(605, 'Alud', 6),
(606, 'Amago', 1),
(607, 'Amnesia', 11),
(608, 'Anclaje', 3),
(609, 'Anillo Ígneo', 2),
(610, 'Antiaéreo', 10),
(611, 'Anticura', 4),
(612, 'Antidoto', 8),
(613, 'Antojo', 1),
(614, 'Apatía', 16),
(615, 'Aplastante', 1),
(616, 'Apoderarse', 12),
(617, 'Aqua Jet', 3),
(618, 'Aqua Ring', 3),
(619, 'Aqua Vero', 3),
(620, 'Arañazo', 1),
(621, 'Arañazo Veneno', 8),
(622, 'Aromaterapia', 4),
(623, 'Arrullo', 1),
(624, 'Ascuas', 2),
(625, 'Ascuas Ígneas', 2),
(626, 'Asonada', 1),
(627, 'Astonish', 14),
(628, 'Atracción', 1),
(629, 'Aullido', 1),
(630, 'Avivar', 11),
(631, 'Avivar Fuego', 2),
(632, 'Avivar Hielo', 6),
(633, 'Azote', 1),
(634, 'Azote Ígneo', 2),
(635, 'Azote Umbrío', 16),
(636, 'Bala Aérea', 10),
(637, 'Barrera', 11),
(638, 'Barrera Espinosa', 4),
(639, 'Beso Amoroso', 1),
(640, 'Beso Drenaje', 4),
(641, 'Beso Llameante', 2),
(642, 'Beso Umbrío', 16),
(643, 'Bofetón Lodo', 8),
(644, 'Bola Cerco', 1),
(645, 'Bola de Energía', 11),
(646, 'Bola de Fuego', 2),
(647, 'Bola de Fuego Umbría', 16),
(648, 'Bola de Hielo', 6),
(649, 'Bola de Lodo', 8),
(650, 'Bola Férrea', 17),
(651, 'Bola Llama', 2),
(652, 'Bola Neblina', 12),
(653, 'Bola Sombra', 16),
(654, 'Bomb-Beurk', 8),
(655, 'Bombona Fuego', 2),
(656, 'Bonemerang', 5),
(657, 'Bote', 3),
(658, 'Brasas', 2),
(659, 'Brasas Ígneas', 2),
(660, 'Brillo Mágico', 11),
(661, 'Bruma', 3),
(662, 'Bruma Ígnea', 2),
(663, 'Bruma Umbría', 16),
(664, 'Bucle Arena', 5),
(665, 'Bucle Dragón', 15),
(666, 'Bucle Ígneo', 2),
(667, 'Bucle Umbrío', 16),
(668, 'Burbuja', 3),
(669, 'Burbuja Acorazada', 3),
(670, 'Burbuja de Luz', 11),
(671, 'Cabezazo', 1),
(672, 'Cabezazo Zen', 11),
(673, 'Cáscara', 11),
(674, 'Carga', 13),
(675, 'Carga Aérea', 10),
(676, 'Carga Ígnea', 2),
(677, 'Carga Umbría', 16),
(678, 'Cargatóxica', 8),
(679, 'Caricia', 1),
(680, 'Caricia Veneno', 8),
(681, 'Carantoña', 1),
(682, 'Carantoña Ígnea', 2),
(683, 'Carantoña Umbría', 16),
(684, 'Carga Parabólica', 13),
(685, 'Carga Tóxica', 8),
(686, 'Carisma', 1),
(687, 'Carisma Veneno', 8),
(688, 'Carrera', 1),
(689, 'Carga Voraz', 12),
(690, 'Cascada', 3),
(691, 'Cascada Ígnea', 2),
(692, 'Cascada Umbría', 16),
(693, 'Cayena', 2),
(694, 'Centella', 2),
(695, 'Centella Ígnea', 2),
(696, 'Centella Mágica', 11),
(697, 'Ciclón', 10),
(698, 'Ciclón Ígneo', 2),
(699, 'Ciclón Umbrío', 16),
(700, 'Cierre', 1),
(701, 'Cinta Agua', 3),
(702, 'Cinta Fuego', 2),
(703, 'Cinta Hierro', 17),
(704, 'Cinta Insecto', 12),
(705, 'Cinta Siniestra', 16),
(706, 'Cinta Tóxica', 8),
(707, 'Clavo Cañón', 9),
(708, 'Cola Dragón', 15),
(709, 'Cola Dragón Ígnea', 2),
(710, 'Cola Dragón Umbría', 16),
(711, 'Cola Férrea', 17),
(712, 'Cola Veneno', 8),
(713, 'Colmillo Ígneo', 2),
(714, 'Colmillo Ígneo Umbrío', 16),
(715, 'Colmillo Hielo', 6),
(716, 'Colmillo Rayo', 5),
(717, 'Colmillo Umbrío', 16),
(718, 'Combustión', 2),
(719, 'Comer Suelo', 9),
(720, 'Cometa Draco', 15),
(721, 'Cometa Ígnea', 2),
(722, 'Cometa Umbría', 16),
(723, 'Cometa Zen', 11),
(724, 'Concha Filo', 3),
(725, 'Confusión', 11),
(726, 'Constricción', 4),
(727, 'Contracanto', 1),
(728, 'Contrarrestar', 11),
(729, 'Control Mental', 11),
(730, 'Copión', 12),
(731, 'Cornada', 1),
(732, 'Cornada Ígnea', 2),
(733, 'Cornada Umbría', 16),
(734, 'Corte', 1),
(735, 'Corte Cruzado', 1),
(736, 'Corte Furia', 1),
(737, 'Corte Ígneo', 2),
(738, 'Corte Umbrío', 16),
(739, 'Corte Vacío', 12),
(740, 'Corte X', 1),
(741, 'Corte Zen', 11),
(742, 'Cruceta', 10),
(743, 'Crujido', 12),
(744, 'Crunch', 16),
(745, 'Cubo Cósmico', 11),
(746, 'Cuerpo Pesado', 17),
(747, 'Cuerpo Radiante', 11),
(748, 'Cuerpo Zen', 11),
(749, 'Culatazo', 1),
(750, 'Cura Arco', 11),
(751, 'Curación en Calma', 4),
(752, 'Curar', 4),
(753, 'Curar Ígnea', 2),
(754, 'Curar Salud', 4),
(755, 'Curar Umbrío', 16),
(756, 'Curiosidad', 11),
(757, 'Cuyo', 1),
(758, 'Cuchara', 11),
(759, 'Cuchillada', 1),
(760, 'Cuchillada Umbría', 16),
(761, 'Cuchillada X', 1),
(762, 'Cuchilla Aérea', 10),
(763, 'Cuchilla Ígnea', 2),
(764, 'Cuchilla Solar', 4),
(765, 'Cuchilla Umbría', 16),
(766, 'Danza Aleteo', 10),
(767, 'Danza Caos', 16),
(768, 'Danza Despertar', 4),
(769, 'Danza Dragón', 15),
(770, 'Danza Drenaje', 4),
(771, 'Danza Espada', 17),
(772, 'Danza Ígnea', 2),
(773, 'Danza Llama', 2),
(774, 'Danza Llanto', 1),
(775, 'Danza Lunar', 4),
(776, 'Danza Maldita', 16),
(777, 'Danza Mar', 3),
(778, 'Danza Pétalo', 4),
(779, 'Danza Poder', 1),
(780, 'Danza Sísmica', 9),
(781, 'Danza Vampir', 4),
(782, 'Danza Venenosa', 8),
(783, 'Danza Vital', 4),
(784, 'Danza Ígnea', 2),
(785, 'Danza Ígnea Umbría', 16),
(786, 'Danza Umbría', 16),
(787, 'Danza X', 1),
(788, 'Danza Zen', 11),
(789, 'Danmaku', 11),
(790, 'Dardos Veneno', 8),
(791, 'Danza del Fuego', 2),
(792, 'Danza del Hielo', 6),
(793, 'Danza de Pétalos', 4),
(794, 'Danza de Plumas', 10),
(795, 'Danza de Dragón', 15),
(796, 'Danza de Espadas', 17),
(797, 'Danza de Ígnea', 2),
(798, 'Danza de Mar', 3),
(799, 'Danza de Salud', 4),
(800, 'Danza de Hielo', 6),
(801, 'Danza de Fuego', 2),
(802, 'Danza de la Muerte', 16),
(803, 'Danza de Vida', 4),
(804, 'Danza de Ígnea', 2),
(805, 'Danza de las Olas', 3),
(806, 'Danza de Pétalos', 4),
(807, 'Danza de Espadas', 17),
(808, 'Danza de la Llama', 2),
(809, 'Danza de Plumas', 10),
(810, 'Danza de Dragón', 15),
(811, 'Danza de Espada', 17),
(812, 'Danza de Ígnea', 2),
(813, 'Danza de Llama', 2),
(814, 'Danza de Llanto', 1),
(815, 'Danza de Salud', 4),
(816, 'Danza de Hielo', 6),
(817, 'Danza de Fuego', 2),
(818, 'Danza de la Muerte', 16),
(819, 'Danza de Vida', 4),
(820, 'Danza de Ígnea', 2),
(821, 'Danza de las Olas', 3),
(822, 'Danza de Pétalos', 4),
(823, 'Danza de Espadas', 17),
(824, 'Danza de la Llama', 2),
(825, 'Danza de Plumas', 10),
(826, 'Danza de Dragón', 15),
(827, 'Danza de Espada', 17),
(828, 'Danza de Ígnea', 2),
(829, 'Danza de Llama', 2),
(830, 'Danza de Llanto', 1),
(831, 'Danza de Salud', 4),
(832, 'Danza de Hielo', 6),
(833, 'Danza de Fuego', 2),
(834, 'Danza de la Muerte', 16),
(835, 'Danza de Vida', 4),
(836, 'Danza de Ígnea', 2),
(837, 'Danza de las Olas', 3),
(838, 'Danza de Pétalos', 4),
(839, 'Danza de Espadas', 17),
(840, 'Danza de la Llama', 2),
(841, 'Danza de Plumas', 10),
(842, 'Danza de Dragón', 15),
(843, 'Danza de Espada', 17),
(844, 'Danza de Ígnea', 2),
(845, 'Danza de Llama', 2),
(846, 'Danza de Llanto', 1),
(847, 'Danza de Salud', 4),
(848, 'Danza de Hielo', 6),
(849, 'Danza de Fuego', 2),
(850, 'Danza de la Muerte', 16),
(851, 'Danza de Vida', 4),
(852, 'Danza de Ígnea', 2),
(853, 'Danza de las Olas', 3),
(854, 'Danza de Pétalos', 4),
(855, 'Danza de Espadas', 17),
(856, 'Danza de la Llama', 2),
(857, 'Danza de Plumas', 10),
(858, 'Danza de Dragón', 15),
(859, 'Danza de Espada', 17),
(860, 'Danza de Ígnea', 2),
(861, 'Danza de Llama', 2),
(862, 'Danza de Llanto', 1),
(863, 'Danza de Salud', 4),
(864, 'Danza de Hielo', 6),
(865, 'Danza de Fuego', 2),
(866, 'Danza de la Muerte', 16),
(867, 'Danza de Vida', 4),
(868, 'Danza de Ígnea', 2),
(869, 'Danza de las Olas', 3),
(870, 'Danza de Pétalos', 4),
(871, 'Danza de Espadas', 17),
(872, 'Danza de la Llama', 2),
(873, 'Danza de Plumas', 10),
(874, 'Danza de Dragón', 15),
(875, 'Danza de Espada', 17),
(876, 'Danza de Ígnea', 2),
(877, 'Danza de Llama', 2),
(878, 'Danza de Llanto', 1),
(879, 'Danza de Salud', 4),
(880, 'Danza de Hielo', 6),
(881, 'Danza de Fuego', 2),
(882, 'Danza de la Muerte', 16),
(883, 'Danza de Vida', 4),
(884, 'Danza de Ígnea', 2),
(885, 'Danza de las Olas', 3),
(886, 'Danza de Pétalos', 4),
(887, 'Danza de Espadas', 17),
(888, 'Danza de la Llama', 2),
(889, 'Danza de Plumas', 10),
(890, 'Danza de Dragón', 15),
(891, 'Danza de Espada', 17),
(892, 'Danza de Ígnea', 2),
(893, 'Danza de Llama', 2),
(894, 'Danza de Llanto', 1),
(895, 'Danza de Salud', 4),
(896, 'Danza de Hielo', 6),
(897, 'Danza de Fuego', 2),
(898, 'Danza de la Muerte', 16),
(899, 'Danza de Vida', 4),
(900, 'Danza de Ígnea', 2);

go
-- Insertar Pokémon de la primera generación
INSERT INTO [Pokemon] (ID, Nombre, GeneracionID, Tipo1ID, Tipo2ID, Habilidad1ID, Habilidad2ID, Movimiento1ID, Movimiento2ID, Movimiento3ID, Movimiento4ID, Imagen) VALUES
    (1, 'Bulbasaur', 1, 4, 8, 1, 2, 4, 7, 11, 13, '001.png'),
    (2, 'Ivysaur', 1, 4, 8, 1, 2, 4, 7, 11, 13, '002.png'),
    (3, 'Venusaur', 1, 4, 8, 1, 2, 4, 7, 11, 13, '003.png'),
    (4, 'Charmander', 1, 2, NULL, 3, NULL, 1, 2, 14, 19, '004.png'),
    (5, 'Charmeleon', 1, 2, NULL, 3, NULL, 1, 2, 14, 19, '005.png'),
    (6, 'Charizard', 1, 2, 10, 3, NULL, 1, 2, 14, 19, '006.png'),
    (7, 'Squirtle', 1, 3, NULL, 5, NULL, 1, 3, 15, 20, '007.png'),
    (8, 'Wartortle', 1, 3, NULL, 5, NULL, 1, 3, 15, 20, '008.png'),
    (9, 'Blastoise', 1, 3, NULL, 5, NULL, 1, 3, 15, 20, '009.png'),
    (10, 'Caterpie', 1, 12, NULL, 12, NULL, 51, 52, 53, 54, '010.png'),
    (11, 'Metapod', 1, 12, NULL, 12, NULL, 55, 56, 57, 58, '011.png'),
    (12, 'Butterfree', 1, 12, 10, 12, NULL, 59, 60, 61, 62, '012.png'),
    (13, 'Weedle', 1, 12, 8, 12, NULL, 63, 64, 65, 66, '013.png'),
    (14, 'Kakuna', 1, 12, 8, 12, NULL, 67, 68, 69, 70, '014.png'),
    (15, 'Beedrill', 1, 12, 8, 12, NULL, 71, 72, 73, 74, '015.png'),
    (16, 'Pidgey', 1, 10, 12, 12, NULL, 75, 76, 77, 78, '016.png'),
    (17, 'Pidgeotto', 1, 10, 12, 12, NULL, 75, 76, 77, 78, '017.png'),
    (18, 'Pidgeot', 1, 10, 12, 12, NULL, 75, 76, 77, 78, '018.png'),
    (19, 'Rattata', 1, 1, NULL, 22, 55, 79, 80, 81, 82, '019.png'),
    (20, 'Raticate', 1, 1, NULL, 22, 55, 79, 80, 81, 82, '020.png'),
    (21, 'Spearow', 1, 10, 12, 51, 50, 83, 84, 85, 86, '021.png'),
    (22, 'Fearow', 1, 10, 12, 51, 50, 83, 84, 85, 86, '022.png'),
    (23, 'Ekans', 1, 8, NULL, 19, 40, 87, 88, 89, 90, '023.png'),
    (24, 'Arbok', 1, 8, NULL, 19, 40, 87, 88, 89, 90, '024.png'),
    (25, 'Pikachu', 1, 11, NULL, 9, 31, 91, 92, 93, 94, '025.png'),
    (26, 'Raichu', 1, 11, NULL, 9, 31, 91, 92, 93, 94, '026.png'),
    (27, 'Sandshrew', 1, 6, NULL, 8, 40, 95, 96, 97, 98, '027.png'),
    (28, 'Sandslash', 1, 6, NULL, 8, 40, 95, 96, 97, 98, '028.png'),
    (29, 'Nidoran♀', 1, 8, NULL, 22, 39, 99, 100, 101, 102, '029.png'),
    (30, 'Nidorina', 1, 8, NULL, 22, 39, 99, 100, 101, 102, '030.png'),
    (31, 'Nidoqueen', 1, 8, 5, 22, 39, 99, 100, 101, 102, '031.png'),
    (32, 'Nidoran♂', 1, 8, NULL, 22, 39, 103, 104, 105, 106, '032.png'),
    (33, 'Nidorino', 1, 8, NULL, 22, 39, 103, 104, 105, 106, '033.png'),
    (34, 'Nidoking', 1, 8, 5, 22, 39, 103, 104, 105, 106, '034.png'),
    (35, 'Clefairy', 1, 17, NULL, 56, 57, 107, 108, 109, 110, '035.png'),
    (36, 'Clefable', 1, 17, NULL, 56, 57, 107, 108, 109, 110, '036.png'),
    (37, 'Vulpix', 1, 2, NULL, 18, NULL, 111, 112, 113, 114, '037.png'),
    (38, 'Ninetales', 1, 2, NULL, 18, NULL, 111, 112, 113, 114, '038.png'),
    (39, 'Jigglypuff', 1, 17, 1, 56, 57, 107, 108, 115, 116, '039.png'),
    (40, 'Wigglytuff', 1, 17, 1, 56, 57, 107, 108, 115, 116, '040.png'),
    (41, 'Zubat', 1, 10, 8, 22, NULL, 117, 118, 119, 120, '041.png'),
    (42, 'Golbat', 1, 10, 8, 22, NULL, 117, 118, 119, 120, '042.png'),
    (43, 'Oddish', 1, 4, 8, 35, 34, 121, 122, 123, 124, '043.png'),
    (44, 'Gloom', 1, 4, 8, 35, 34, 121, 122, 123, 124, '044.png'),
    (45, 'Vileplume', 1, 4, 8, 35, 34, 121, 122, 123, 124, '045.png'),
    (46, 'Paras', 1, 4, 11, 54, 40, 125, 126, 127, 128, '046.png'),
    (47, 'Parasect', 1, 4, 11, 54, 40, 125, 126, 127, 128, '047.png'),
    (48, 'Venonat', 1, 12, 8, 14, 22, 129, 130, 131, 132, '048.png'),
    (49, 'Venomoth', 1, 12, 8, 14, 22, 129, 130, 131, 132, '049.png'),
    (50, 'Diglett', 1, 6, NULL, 39, 30, 133, 134, 135, 136, '050.png'),
    (51, 'Dugtrio', 1, 6, NULL, 39, 30, 133, 134, 135, 136, '051.png'),
    (52, 'Meowth', 1, 1, NULL, 1, 56, 137, 138, 139, 140, '052.png'),
    (53, 'Persian', 1, 1, NULL, 1, 56, 137, 138, 139, 140, '053.png'),
    (54, 'Psyduck', 1, 3, NULL, 48, 55, 141, 142, 143, 144, '054.png'),
    (55, 'Golduck', 1, 3, NULL, 48, 55, 141, 142, 143, 144, '055.png'),
    (56, 'Mankey', 1, 7, NULL, 38, 55, 145, 146, 147, 148, '056.png'),
    (57, 'Primeape', 1, 7, NULL, 38, 55, 145, 146, 147, 148, '057.png'),
    (58, 'Growlithe', 1, 2, NULL, 34, 18, 149, 150, 151, 152, '058.png'),
    (59, 'Arcanine', 1, 2, NULL, 34, 18, 149, 150, 151, 152, '059.png'),
    (60, 'Poliwag', 1, 3, NULL, 33, 46, 153, 154, 155, 156, '060.png'),
    (61, 'Poliwhirl', 1, 3, NULL, 33, 46, 153, 154, 155, 156, '061.png'),
    (62, 'Poliwrath', 1, 3, 7, 33, 46, 153, 154, 155, 156, '062.png'),
    (63, 'Abra', 1, 13, NULL, 28, 35, 157, 158, 159, 160, '063.png'),
    (64, 'Kadabra', 1, 13, NULL, 28, 35, 157, 158, 159, 160, '064.png'),
    (65, 'Alakazam', 1, 13, NULL, 28, 35, 157, 158, 159, 160, '065.png'),
    (66, 'Machop', 1, 7, NULL, 37, 62, 161, 162, 163, 164, '066.png'),
    (67, 'Machoke', 1, 7, NULL, 37, 62, 161, 162, 163, 164, '067.png'),
    (68, 'Machamp', 1, 7, NULL, 37, 62, 161, 162, 163, 164, '068.png'),
    (69, 'Bellsprout', 1, 4, 8, 35, 34, 165, 166, 167, 168, '069.png'),
    (70, 'Weepinbell', 1, 4, 8, 35, 34, 165, 166, 167, 168, '070.png'),
    (71, 'Victreebel', 1, 4, 8, 35, 34, 165, 166, 167, 168, '071.png'),
    (72, 'Tentacool', 1, 11, 3, 46, 33, 169, 170, 171, 172, '072.png'),
    (73, 'Tentacruel', 1, 11, 3, 46, 33, 169, 170, 171, 172, '073.png'),
    (74, 'Geodude', 1, 6, 7, 8, 69, 173, 174, 175, 176, '074.png'),
    (75, 'Graveler', 1, 6, 7, 8, 69, 173, 174, 175, 176, '075.png'),
    (76, 'Golem', 1, 6, 7, 8, 69, 173, 174, 175, 176, '076.png'),
    (77, 'Ponyta', 1, 2, NULL, 50, 44, 177, 178, 179, 180, '077.png'),
    (78, 'Rapidash', 1, 2, NULL, 50, 44, 177, 178, 179, 180, '078.png'),
    (79, 'Slowpoke', 1, 3, 13, 46, 58, 181, 182, 183, 184, '079.png'),
    (80, 'Slowbro', 1, 3, 13, 46, 58, 181, 182, 183, 184, '080.png'),
    (81, 'Magnemite', 1, 9, 12, 47, 32, 185, 186, 187, 188, '081.png'),
    (82, 'Magneton', 1, 9, 12, 47, 32, 185, 186, 187, 188, '082.png'),
    (83, 'Farfetchd', 1, 10, 7, 38, 50, 189, 190, 191, 192, '083.png'),
    (84, 'Doduo', 1, 10, 7, 51, NULL, 193, 194, 195, 196, '084.png'),
    (85, 'Dodrio', 1, 10, 7, 51, NULL, 193, 194, 195, 196, '085.png'),
    (86, 'Seel', 1, 3, NULL, 46, NULL, 197, 198, 199, 200, '086.png'),
    (87, 'Dewgong', 1, 3, 17, 46, NULL, 197, 198, 199, 200, '087.png'),
    (88, 'Grimer', 1, 8, NULL, 39, 55, 201, 202, 203, 204, '088.png'),
    (89, 'Muk', 1, 8, NULL, 39, 55, 201, 202, 203, 204, '089.png'),
    (90, 'Shellder', 1, 3, NULL, 34, 47, 205, 206, 207, 208, '090.png'),
    (91, 'Cloyster', 1, 3, 17, 34, 47, 205, 206, 207, 208, '091.png'),
    (92, 'Gastly', 1, 13, 8, 19, 33, 209, 210, 211, 212, '092.png'),
    (93, 'Haunter', 1, 13, 8, 19, 33, 209, 210, 211, 212, '093.png'),
    (94, 'Gengar', 1, 13, 8, 19, 33, 209, 210, 211, 212, '094.png'),
    (95, 'Onix', 1, 6, 7, 70, NULL, 213, 214, 215, 216, '095.png'),
    (96, 'Drowzee', 1, 13, NULL, 51, NULL, 217, 218, 219, 220, '096.png'),
    (97, 'Hypno', 1, 13, NULL, 51, NULL, 217, 218, 219, 220, '097.png'),
    (98, 'Krabby', 1, 3, NULL, 50, 47, 221, 222, 223, 224, '098.png'),
    (99, 'Kingler', 1, 3, NULL, 50, 47, 221, 222, 223, 224, '099.png'),
    (100, 'Voltorb', 1, 9, NULL, 47, NULL, 225, 226, 227, 228, '100.png'),
    (101, 'Electrode', 1, 9, NULL, 47, NULL, 225, 226, 227, 228, '101.png'),
    (102, 'Exeggcute', 1, 4, 13, 35, NULL, 229, 230, 231, 232, '102.png'),
    (103, 'Exeggutor', 1, 4, 13, 35, 17, 229, 230, 231, 232, '103.png'),
    (104, 'Cubone', 1, 6, NULL, 69, 57, 233, 234, 235, 236, '104.png'),
    (105, 'Marowak', 1, 6, NULL, 69, 57, 233, 234, 235, 236, '105.png'),
    (106, 'Hitmonlee', 1, 7, NULL, 37, NULL, 237, 238, 239, 240, '106.png'),
    (107, 'Hitmonchan', 1, 7, NULL, 37, NULL, 237, 238, 239, 240, '107.png'),
    (108, 'Lickitung', 1, 1, NULL, 23, NULL, 241, 242, 243, 244, '108.png'),
    (109, 'Koffing', 1, 8, NULL, 39, NULL, 245, 246, 247, 248, '109.png'),
    (110, 'Weezing', 1, 8, NULL, 39, NULL, 245, 246, 247, 248, '110.png'),
    (111, 'Rhyhorn', 1, 6, 7, 69, 55, 249, 250, 251, 252, '111.png'),
    (112, 'Rhydon', 1, 6, 7, 69, 55, 249, 250, 251, 252, '112.png'),
    (113, 'Chansey', 1, 17, NULL, 23, NULL, 253, 254, 255, 256, '113.png'),
    (114, 'Tangela', 1, 4, NULL, 34, NULL, 257, 258, 259, 260, '114.png'),
    (115, 'Kangaskhan', 1, 1, NULL, 23, NULL, 261, 262, 263, 264, '115.png'),
    (116, 'Horsea', 1, 3, NULL, 46, 50, 265, 266, 267, 268, '116.png'),
    (117, 'Seadra', 1, 3, NULL, 46, 50, 265, 266, 267, 268, '117.png'),
    (118, 'Goldeen', 1, 3, NULL, 46, 58, 269, 270, 271, 272, '118.png'),
    (119, 'Seaking', 1, 3, NULL, 46, 58, 269, 270, 271, 272, '119.png'),
    (120, 'Staryu', 1, 3, NULL, 34, NULL, 273, 274, 275, 276, '120.png'),
    (121, 'Starmie', 1, 3, 9, 34, NULL, 273, 274, 275, 276, '121.png'),
    (122, 'Mr. Mime', 1, 13, 17, 28, NULL, 277, 278, 279, 280, '122.png'),
    (123, 'Scyther', 1, 10, 7, 38, NULL, 281, 282, 283, 284, '123.png'),
    (124, 'Jynx', 1, 13, 17, 53, NULL, 285, 286, 287, 288, '124.png'),
    (125, 'Electabuzz', 1, 9, NULL, 47, NULL, 289, 290, 291, 292, '125.png'),
    (126, 'Magmar', 1, 2, NULL, 48, NULL, 293, 294, 295, 296, '126.png'),
    (127, 'Pinsir', 1, 10, NULL, 38, NULL, 297, 298, 299, 300, '127.png'),
    (128, 'Tauros', 1, 1, NULL, 23, NULL, 301, 302, 303, 304, '128.png'),
    (129, 'Magikarp', 1, 3, NULL, 48, 58, 305, 306, 307, 308, '129.png'),
    (130, 'Gyarados', 1, 3, 17, 48, 58, 305, 306, 307, 308, '130.png'),
    (131, 'Lapras', 1, 3, 17, 58, NULL, 309, 310, 311, 312, '131.png'),
    (132, 'Ditto', 1, 1, NULL, 23, NULL, 313, 314, 315, 316, '132.png'),
    (133, 'Eevee', 1, 1, NULL, 23, NULL, 317, 318, 319, 320, '133.png'),
    (134, 'Vaporeon', 1, 3, NULL, 58, NULL, 317, 318, 319, 320, '134.png'),
    (135, 'Jolteon', 1, 9, NULL, 58, NULL, 317, 318, 319, 320, '135.png'),
    (136, 'Flareon', 1, 2, NULL, 58, NULL, 317, 318, 319, 320, '136.png'),
    (137, 'Porygon', 1, 9, NULL, 47, NULL, 321, 322, 323, 324, '137.png'),
    (138, 'Omanyte', 1, 6, 3, 34, NULL, 325, 326, 327, 328, '138.png'),
    (139, 'Omastar', 1, 6, 3, 34, NULL, 325, 326, 327, 328, '139.png'),
    (140, 'Kabuto', 1, 6, 3, 34, NULL, 329, 330, 331, 332, '140.png'),
    (141, 'Kabutops', 1, 6, 3, 34, NULL, 329, 330, 331, 332, '141.png'),
    (142, 'Aerodactyl', 1, 6, 3, 34, 7, 333, 334, 335, 336, '142.png'),
    (143, 'Snorlax', 1, 1, NULL, 23, NULL, 337, 338, 339, 340, '143.png'),
    (144, 'Articuno', 1, 13, 17, 53, NULL, 341, 342, 343, 344, '144.png'),
    (145, 'Zapdos', 1, 9, 17, 53, NULL, 345, 346, 347, 348, '145.png'),
    (146, 'Moltres', 1, 2, 17, 53, NULL, 349, 350, 351, 352, '146.png'),
    (147, 'Dratini', 1, 7, NULL, 34, NULL, 353, 354, 355, 356, '147.png'),
    (148, 'Dragonair', 1, 7, NULL, 34, NULL, 353, 354, 355, 356, '148.png'),
    (149, 'Dragonite', 1, 7, 2, 34, 18, 353, 354, 355, 356, '149.png'),
    (150, 'Mewtwo', 1, 13, NULL, 28, NULL, 357, 358, 359, 360, '150.png'),
    (152, 'Chikorita', 2, 5, NULL, 24, NULL, 36, 40, 41, 45, '152.png'),
(153, 'Bayleef', 2, 5, NULL, 24, NULL, 36, 40, 41, 45, '153.png'),
(154, 'Meganium', 2, 5, NULL, 24, NULL, 36, 40, 41, 45, '154.png'),
(155, 'Cyndaquil', 2, 2, NULL, 33, NULL, 42, 43, 48, 49, '155.png'),
(156, 'Quilava', 2, 2, NULL, 33, NULL, 42, 43, 48, 49, '156.png'),
(157, 'Typhlosion', 2, 2, NULL, 33, NULL, 42, 43, 48, 49, '157.png'),
(158, 'Totodile', 2, 3, NULL, 29, NULL, 30, 31, 34, 44, '158.png'),
(159, 'Croconaw', 2, 3, NULL, 29, NULL, 30, 31, 34, 44, '159.png'),
(160, 'Feraligatr', 2, 3, NULL, 29, NULL, 30, 31, 34, 44, '160.png'),
(161, 'Sentret', 2, 1, NULL, 50, NULL, 51, 52, 53, 54, '161.png'),
(162, 'Furret', 2, 1, NULL, 50, NULL, 51, 52, 53, 54, '162.png'),
(163, 'Hoothoot', 2, 1, 10, 55, 56, 57, 58, 59, 60, '163.png'),
(164, 'Noctowl', 2, 1, 10, 55, 56, 57, 58, 59, 60, '164.png'),
(165, 'Ledyba', 2, 12, 1, 61, 62, 63, 64, 65, 66, '165.png'),
(166, 'Ledian', 2, 12, 1, 61, 62, 63, 64, 65, 66, '166.png'),
(167, 'Spinarak', 2, 12, 8, 67, 68, 69, 70, 71, 72, '167.png'),
(168, 'Ariados', 2, 12, 8, 67, 68, 69, 70, 71, 72, '168.png'),
(169, 'Crobat', 2, 12, 9, 73, NULL, 74, 75, 76, 77, '169.png'),
(170, 'Chinchou', 2, 3, 13, 78, 79, 80, 81, 82, 83, '170.png'),
(171, 'Lanturn', 2, 3, 13, 78, 79, 80, 81, 82, 83, '171.png'),
(172, 'Pichu', 2, 11, NULL, 84, NULL, 85, 86, 87, 88, '172.png'),
(173, 'Cleffa', 2, 11, NULL, 89, NULL, 90, 91, 92, 93, '173.png'),
(174, 'Igglybuff', 2, 11, 1, 94, 95, 96, 97, 98, 99, '174.png'),
(175, 'Togepi', 2, 11, NULL, 100, NULL, 101, 102, 103, 104, '175.png'),
(176, 'Togetic', 2, 11, 9, 100, NULL, 101, 102, 103, 104, '176.png'),
(177, 'Natu', 2, 11, 10, 105, 106, 107, 108, 109, 110, '177.png'),
(178, 'Xatu', 2, 11, 10, 105, 106, 107, 108, 109, 110, '178.png'),
(179, 'Mareep', 2, 5, NULL, 111, NULL, 112, 113, 114, 115, '179.png'),
(180, 'Flaaffy', 2, 5, NULL, 111, NULL, 112, 113, 114, 115, '180.png'),
(181, 'Ampharos', 2, 5, NULL, 111, NULL, 112, 113, 114, 115, '181.png'),
(182, 'Bellossom', 2, 4, NULL, 116, NULL, 117, 118, 119, 120, '182.png'),
(183, 'Marill', 2, 3, 11, 121, 122, 123, 124, 125, 126, '183.png'),
(184, 'Azumarill', 2, 3, 11, 121, 122, 123, 124, 125, 126, '184.png'),
(185, 'Sudowoodo', 2, 6, NULL, 127, NULL, 128, 129, 130, 131, '185.png'),
(186, 'Politoed', 2, 3, NULL, 132, NULL, 133, 134, 135, 136, '186.png'),
(187, 'Hoppip', 2, 4, 10, 137, 138, 139, 140, 141, 142, '187.png'),
(188, 'Skiploom', 2, 4, 10, 137, 138, 139, 140, 141, 142, '188.png'),
(189, 'Jumpluff', 2, 4, 10, 137, 138, 139, 140, 141, 142, '189.png'),
(190, 'Aipom', 2, 1, NULL, 143, NULL, 144, 145, 146, 147, '190.png'),
(191, 'Sunkern', 2, 4, NULL, 148, NULL, 149, 150, 151, 152, '191.png'),
(192, 'Sunflora', 2, 4, NULL, 148, NULL, 149, 150, 151, 152, '192.png'),
(193, 'Yanma', 2, 7, 10, 153, 154, 155, 156, 157, 158, '193.png'),
(194, 'Wooper', 2, 3, 6, 159, 160, 161, 162, 163, 164, '194.png'),
(195, 'Quagsire', 2, 3, 6, 159, 160, 161, 162, 163, 164, '195.png'),
(196, 'Espeon', 2, 11, NULL, 165, NULL, 166, 167, 168, 169, '196.png'),
(197, 'Umbreon', 2, 16, NULL, 170, NULL, 171, 172, 173, 174, '197.png'),
(198, 'Murkrow', 2, 16, 7, 175, 176, 177, 178, 179, 180, '198.png'),
(199, 'Slowking', 2, 3, 11, 181, NULL, 182, 183, 184, 185, '199.png'),
(200, 'Misdreavous', 2, 16, NULL, 186, NULL, 187, 188, 189, 190, '200.png'),
(201, 'Unown', 2, 11, NULL, 191, NULL, 192, 193, 194, 195, '201.png'),
(202, 'Wobbuffet', 2, 11, NULL, 196, NULL, 197, 198, 199, 200, '202.png'),
(203, 'Girafarig', 2, 1, 11, 201, 202, 203, 204, 205, 206, '203.png'),
(204, 'Pineco', 2, 6, NULL, 207, NULL, 208, 209, 210, 211, '204.png'),
(205, 'Forretress', 2, 6, 9, 207, NULL, 208, 209, 210, 211, '205.png'),
(206, 'Dunsparce', 2, 1, NULL, 212, NULL, 213, 214, 215, 216, '206.png'),
(207, 'Gligar', 2, 7, 9, 217, 218, 219, 220, 221, 222, '207.png'),
(208, 'Steelix', 2, 17, 6, 223, NULL, 224, 225, 226, 227, '208.png'),
(209, 'Snubbull', 2, 18, NULL, 228, NULL, 229, 230, 231, 232, '209.png'),
(210, 'Granbull', 2, 18, NULL, 228, NULL, 229, 230, 231, 232, '210.png'),
(211, 'Qwilfish', 2, 3, 17, 233, 234, 235, 236, 237, 238, '211.png'),
(212, 'Scizor', 2, 6, 17, 239, NULL, 240, 241, 242, 243, '212.png'),
(213, 'Shuckle', 2, 4, 6, 244, NULL, 245, 246, 247, 248, '213.png'),
(214, 'Heracross', 2, 6, 1, 249, NULL, 250, 251, 252, 253, '214.png'),
(215, 'Sneasel', 2, 16, 7, 254, 255, 256, 257, 258, 259, '215.png'),
(216, 'Teddiursa', 2, 18, NULL, 260, NULL, 261, 262, 263, 264, '216.png'),
(217, 'Ursaring', 2, 18, NULL, 260, NULL, 261, 262, 263, 264, '217.png'),
(218, 'Slugma', 2, 2, NULL, 265, NULL, 266, 267, 268, 269, '218.png'),
(219, 'Magcargo', 2, 2, 6, 265, NULL, 266, 267, 268, 269, '219.png'),
(220, 'Swinub', 2, 15, 6, 270, 271, 272, 273, 274, 275, '220.png'),
(221, 'Piloswine', 2, 15, 6, 270, 271, 272, 273, 274, 275, '221.png'),
(222, 'Corsola', 2, 3, 13, 276, 277, 278, 279, 280, 281, '222.png'),
(223, 'Remoraid', 2, 3, NULL, 282, NULL, 283, 284, 285, 286, '223.png'),
(224, 'Octillery', 2, 3, NULL, 282, NULL, 283, 284, 285, 286, '224.png'),
(225, 'Delibird', 2, 15, 16, 287, NULL, 288, 289, 290, 291, '225.png'),
(226, 'Mantine', 2, 3, 9, 292, 293, 294, 295, 296, 297, '226.png'),
(227, 'Skarmory', 2, 17, 7, 298, NULL, 299, 300, 301, 302, '227.png'),
(228, 'Houndour', 2, 16, 2, 303, 304, 305, 306, 307, 308, '228.png'),
(229, 'Houndoom', 2, 16, 2, 303, 304, 305, 306, 307, 308, '229.png'),
(230, 'Kingdra', 2, 3, 17, 309, NULL, 310, 311, 312, 313, '230.png'),
(231, 'Phanpy', 2, 6, NULL, 214, NULL, 315, 316, 317, 318, '231.png'),
(232, 'Donphan', 2, 6, NULL, 114, NULL, 315, 316, 317, 318, '232.png'),
(233, 'Porygon2', 2, 17, NULL, 210, NULL, 320, 321, 322, 323, '233.png'),
(234, 'Stantler', 2, 1, NULL, 205, NULL, 325, 326, 327, 328, '234.png'),
(235, 'Smeargle', 2, 1, NULL, 311, NULL, 330, 331, 332, 333, '235.png'),
(236, 'Tyrogue', 2, 1, NULL, 120, NULL, 335, 336, 337, 338, '236.png'),
(237, 'Hitmontop', 2, 1, NULL, 2, NULL, 340, 341, 342, 343, '237.png'),
(238, 'Smoochum', 2, 11, 15, 66, NULL, 345, 346, 347, 348, '238.png'),
(239, 'Elekid', 2, 5, NULL, 89, NULL, 350, 351, 352, 353, '239.png'),
(240, 'Magby', 2, 2, NULL, 223, NULL, 355, 356, 357, 358, '240.png'),
(241, 'Miltank', 2, 18, NULL, 175, NULL, 360, 361, 362, 363, '241.png'),
(242, 'Blissey', 2, 11, NULL, 29, NULL, 365, 366, 367, 368, '242.png'),
(243, 'Raikou', 2, 5, NULL, 88, NULL, 370, 371, 372, 373, '243.png'),
(244, 'Entei', 2, 2, NULL, 95, NULL, 375, 376, 377, 378, '244.png'),
(245, 'Suicune', 2, 3, NULL, 23, NULL, 380, 381, 382, 383, '245.png'),
(246, 'Larvitar', 2, 15, 6, 311, 250, 386, 387, 388, 389, '246.png'),
(247, 'Pupitar', 2, 15, 6, 78, 25, 386, 387, 388, 389, '247.png'),
(248, 'Tyranitar', 2, 15, 17, 111, 128, 386, 387, 388, 389, '248.png'),
(249, 'Lugia', 2, 3, 10, 99, NULL, 391, 392, 393, 394, '249.png'),
(250, 'Ho-Oh', 2, 2, 10, 48, NULL, 396, 397, 398, 399, '250.png'),
(251, 'Celebi', 2, 11, 4, 213, NULL, 401, 402, 403, 404, '251.png'),
(252, 'Treecko', 3, 4, NULL, 1, NULL, 4, 7, 13, 18, '252.png'),
(253, 'Grovyle', 3, 4, NULL, 1, NULL, 4, 7, 13, 18, '253.png'),
(254, 'Sceptile', 3, 4, NULL, 1, NULL, 4, 7, 13, 18, '254.png'),
(255, 'Torchic', 3, 2, NULL, 2, NULL, 3, 8, 12, 20, '255.png'),
(256, 'Combusken', 3, 2, 7, 2, NULL, 3, 8, 12, 20, '256.png'),
(257, 'Blaziken', 3, 2, 7, 2, NULL, 3, 8, 12, 20, '257.png'),
(258, 'Mudkip', 3, 3, NULL, 3, NULL, 4, 8, 9, 14, '258.png'),
(259, 'Marshtomp', 3, 3, 8, 3, NULL, 4, 8, 9, 14, '259.png'),
(260, 'Swampert', 3, 3, 8, 3, NULL, 4, 8, 9, 14, '260.png'),
(261, 'Poochyena', 3, 16, NULL, 17, NULL, 1, 2, 16, 27, '261.png'),
(262, 'Mightyena', 3, 16, NULL, 23, NULL, 1, 2, 16, 27, '262.png'),
(263, 'Zigzagoon', 3, 1, NULL, 9, NULL, 1, 16, 37, 40, '263.png'),
(264, 'Linoone', 3, 1, NULL, 38, NULL, 1, 16, 37, 40, '264.png'),
(265, 'Wurmple', 3, 12, NULL, 116, NULL, 1, 16, 39, 42, '265.png'),
(266, 'Silcoon', 3, 12, NULL, 19, NULL, 1, NULL, NULL, NULL, '266.png'),
(267, 'Beautifly', 3, 12, 3, 19, NULL, 1, 16, 39, 42, '267.png'),
(268, 'Cascoon', 3, 12, NULL, 19, NULL, 1, NULL, NULL, NULL, '268.png'),
(269, 'Dustox', 3, 12, 8, 19, NULL, 1, 16, 39, 42, '269.png'),
(270, 'Lotad', 3, 5, 3, 29, NULL, 1, 3, 4, 7, '270.png'),
(271, 'Lombre', 3, 5, 3, 19, NULL, 1, 3, 4, 7, '271.png'),
(272, 'Ludicolo', 3, 5, 3, 200, NULL, 1, 3, 4, 7, '272.png'),
(273, 'Seedot', 3, 4, NULL, 21, NULL, 1, 4, 7, 37, '273.png'),
(274, 'Nuzleaf', 3, 4, 16, 29, NULL, 1, 4, 7, 37, '274.png'),
(275, 'Shiftry', 3, 4, 16, 15, NULL, 1, 4, 7, 37, '275.png'),
(276, 'Taillow', 3, 1, 10, 188, NULL, 1, 2, 16, 27, '276.png'),
(277, 'Swellow', 3, 1, 10, 17, NULL, 1, 2, 16, 27, '277.png'),
(278, 'Wingull', 3, 3, 10, 168, NULL, 1, 3, 27, 28, '278.png'),
(279, 'Pelipper', 3, 3, 10, 29, NULL, 1, 3, 27, 28, '279.png'),
(280, 'Ralts', 3, 11, 18, 199, NULL, 11, 12, 13, 27, '280.png'),
(281, 'Kirlia', 3, 11, 18, 137, NULL, 11, 12, 13, 27, '281.png'),
(282, 'Gardevoir', 3, 11, 18, 87, NULL, 11, 12, 13, 27, '282.png'),
(283, 'Surskit', 3, 3, 5, 24, NULL, 3, 4, 27, 34, '283.png'),
(284, 'Masquerain', 3, 3, 10, 25, NULL, 3, 4, 27, 34, '284.png'),
(285, 'Shroomish', 3, 4, NULL, 26, NULL, 4, 11, 18, 27, '285.png'),
(286, 'Breloom', 3, 4, 16, 179, NULL, 4, 11, 18, 27, '286.png'),
(287, 'Slakoth', 3, 1, NULL, 99, NULL, 1, 28, 29, 39, '287.png'),
(288, 'Vigoroth', 3, 1, NULL, 127, NULL, 1, 28, 29, 39, '288.png'),
(289, 'Slaking', 3, 1, NULL, 311, NULL, 1, 28, 29, 39, '289.png'),
(290, 'Nincada', 3, 12, 4, 28, NULL, 1, 29, 39, 44, '290.png'),
(291, 'Ninjask', 3, 12, 10, 30, NULL, 1, 12, 29, 39, '291.png'),
(292, 'Shedinja', 3, 12, 7, 39, NULL, 1, NULL, NULL, NULL, '292.png'),
(293, 'Whismur', 3, 1, NULL, 205, NULL, 1, 28, 29, 39, '293.png'),
(294, 'Loudred', 3, 1, NULL, 99, NULL, 1, 28, 29, 39, '294.png'),
(295, 'Exploud', 3, 1, NULL, 191, NULL, 1, 28, 29, 39, '295.png'),
(296, 'Makuhita', 3, 6, NULL, 307, NULL, 1, 29, 39, 42, '296.png'),
(297, 'Hariyama', 3, 6, NULL, 1, NULL, 1, 29, 39, 42, '297.png'),
(298, 'Azurill', 3, 1, 5, 34, NULL, 1, 3, 4, 27, '298.png'),
(299, 'Nosepass', 3, 8, NULL, 35, NULL, 1, 8, 14, 39, '299.png'),
(300, 'Skitty', 3, 1, NULL, 39, NULL, 1, 28, 37, 40, '300.png'),
(301, 'Delcatty', 3, 1, NULL, 306, NULL, 1, 28, 37, 40, '301.png'),
(302, 'Sableye', 3, 16, 11, 106, NULL, 1, 16, 38, 39, '302.png'),
(303, 'Mawile', 3, 16, 11, 206, NULL, 1, 16, 39, 42, '303.png'),
(304, 'Aron', 3, 15, 8, 22, NULL, 1, 8, 14, 39, '304.png'),
(305, 'Lairon', 3, 15, 8, 79, NULL, 1, 8, 14, 39, '305.png'),
(306, 'Aggron', 3, 15, 8, 99, NULL, 1, 8, 14, 39, '306.png'),
(307, 'Meditite', 3, 6, 11, 48, NULL, 6, 11, 13, 39, '307.png'),
(308, 'Medicham', 3, 6, 11, 20, NULL, 6, 11, 13, 39, '308.png'),
(309, 'Electrike', 3, 13, NULL, 101, NULL, 1, 12, 13, 39, '309.png'),
(310, 'Manectric', 3, 13, NULL, 42, NULL, 1, 12, 13, 39, '310.png'),
(311, 'Plusle', 3, 13, NULL, 43, NULL, 1, 12, 13, 39, '311.png'),
(312, 'Minun', 3, 13, NULL, 200, NULL, 1, 12, 13, 39, '312.png'),
(313, 'Volbeat', 3, 7, NULL, 101, NULL, 1, 7, 13, 39, '313.png'),
(314, 'Illumise', 3, 7, NULL, 49, NULL, 1, 7, 13, 39, '314.png'),
(315, 'Roselia', 3, 4, 11, 45, NULL, 1, 11, 13, 39, '315.png'),
(316, 'Gulpin', 3, 12, NULL, 102, NULL, 1, 11, 13, 39, '316.png'),
(317, 'Swalot', 3, 12, NULL, 300, NULL, 1, 11, 13, 39, '317.png'),
(318, 'Carvanha', 3, 17, 2, 209, NULL, 1, 2, 14, 39, '318.png'),
(319, 'Sharpedo', 3, 17, 2, 47, NULL, 1, 2, 14, 39, '319.png'),
(320, 'Wailmer', 3, 3, NULL, 48, NULL, 1, 3, 13, 39, '320.png'),
(321, 'Wailord', 3, 3, NULL, 78, NULL, 1, 3, 13, 39, '321.png'),
(322, 'Numel', 3, 2, 5, 49, NULL, 1, 8, 13, 39, '322.png'),
(323, 'Camerupt', 3, 2, 5, 216, NULL, 1, 8, 13, 39, '323.png'),
(324, 'Torkoal', 3, 2, NULL, 50, NULL, 1, 2, 13, 39, '324.png'),
(325, 'Spoink', 3, 11, NULL, 205, NULL, 11, 12, 13, 39, '325.png'),
(326, 'Grumpig', 3, 11, NULL, 124, NULL, 11, 12, 13, 39, '326.png'),
(327, 'Spinda', 3, 1, NULL, 44, NULL, 1, 12, 13, 39, '327.png'),
(328, 'Trapinch', 3, 8, NULL, 13, NULL, 1, 14, 13, 39, '328.png'),
(329, 'Vibrava', 3, 8, 10, 24, NULL, 1, 14, 13, 39, '329.png'),
(330, 'Flygon', 3, 8, 10, 14, NULL, 1, 14, 13, 39, '330.png'),
(331, 'Cacnea', 3, 4, NULL, 95, NULL, 1, 11, 13, 39, '331.png'),
(332, 'Cacturne', 3, 4, 15, 155, NULL, 1, 11, 13, 39, '332.png'),
(333, 'Swablu', 3, 3, 7, 256, NULL, 1, 3, 13, 39, '333.png'),
(334, 'Altaria', 3, 3, 7, 119, NULL, 1, 3, 13, 39, '334.png'),
(335, 'Zangoose', 3, 1, NULL, 107, NULL, 1, 2, 13, 39, '335.png'),
(336, 'Seviper', 3, 4, NULL, 21, NULL, 1, 11, 13, 39, '336.png'),
(337, 'Lunatone', 3, 8, 11, 59, NULL, 1, 8, 13, 39, '337.png'),
(338, 'Solrock', 3, 8, 11, 60, NULL, 1, 8, 13, 39, '338.png'),
(339, 'Barboach', 3, 3, 12, 61, NULL, 1, 13, 14, 39, '339.png'),
(340, 'Whiscash', 3, 3, 12, 61, NULL, 1, 13, 14, 39, '340.png'),
(341, 'Corphish', 3, 17, NULL, 27, NULL, 1, 2, 13, 39, '341.png'),
(342, 'Crawdaunt', 3, 17, 6, 299, NULL, 1, 2, 13, 39, '342.png'),
(343, 'Baltoy', 3, 8, 11, 63, NULL, 1, 8, 13, 39, '343.png'),
(344, 'Claydol', 3, 8, 11, 69, NULL, 1, 8, 13, 39, '344.png'),
(345, 'Lileep', 3, 9, 14, 74, NULL, 1, 9, 13, 39, '345.png'),
(346, 'Cradily', 3, 9, 14, 168, NULL, 1, 9, 13, 39, '346.png'),
(347, 'Anorith', 3, 9, 14, 11, NULL, 1, 9, 13, 39, '347.png'),
(348, 'Armaldo', 3, 9, 14, 1, NULL, 1, 9, 13, 39, '348.png'),
(349, 'Feebas', 3, 3, NULL, 9, NULL, 1, 3, 13, 39, '349.png'),
(350, 'Milotic', 3, 3, NULL, 18, NULL, 1, 3, 13, 39, '350.png'),
(351, 'Castform', 3, 1, NULL, 67, NULL, 1, 13, NULL, NULL, '351.png'),
(352, 'Kecleon', 3, 1, NULL, 100, NULL, 1, 13, NULL, NULL, '352.png'),
(353, 'Shuppet', 3, 16, NULL, 99, NULL, 1, 11, 13, 39, '353.png'),
(354, 'Banette', 3, 16, NULL, 29, NULL, 1, 11, 13, 39, '354.png'),
(355, 'Duskull', 3, 16, NULL, 70, NULL, 1, 11, 13, 39, '355.png'),
(356, 'Dusclops', 3, 16, NULL, 120, NULL, 1, 11, 13, 39, '356.png'),
(357, 'Tropius', 3, 3, 11, 71, NULL, 1, 3, 13, 39, '357.png'),
(358, 'Chimecho', 3, 11, NULL, 72, NULL, 11, 13, NULL, NULL, '358.png'),
(359, 'Absol', 3, 16, NULL, 73, NULL, 1, 16, 13, 39, '359.png'),
(360, 'Wynaut', 3, 11, NULL, 74, NULL, 11, 13, NULL, NULL, '360.png'),
(361, 'Snorunt', 3, 11, NULL, 75, NULL, 1, 11, 13, 39, '361.png'),
(362, 'Glalie', 3, 11, NULL, 285, NULL, 1, 11, 13, 39, '362.png'),
(363, 'Spheal', 3, 3, 12, 301, NULL, 1, 3, 13, 39, '363.png'),
(364, 'Sealeo', 3, 3, 12, 165, NULL, 1, 3, 13, 39, '364.png'),
(365, 'Walrein', 3, 3, 12, 84, NULL, 1, 3, 13, 39, '365.png'),
(366, 'Clamperl', 3, 3, NULL, 27, NULL, 1, 3, 13, 39, '366.png'),
(367, 'Huntail', 3, 17, NULL, 78, NULL, 1, 2, 13, 39, '367.png'),
(368, 'Gorebyss', 3, 3, NULL, 79, NULL, 1, 3, 13, 39, '368.png'),
(369, 'Relicanth', 3, 15, 3, 80, NULL, 1, 15, 13, 39, '369.png'),
(370, 'Luvdisc', 3, 3, NULL, 81, NULL, 1, 3, 13, 39, '370.png'),
(371, 'Bagon', 3, 8, NULL, 82, NULL, 1, 14, 13, 39, '371.png'),
(372, 'Shelgon', 3, 8, NULL, 89, NULL, 1, 14, 13, 39, '372.png'),
(373, 'Salamence', 3, 8, NULL, 176, NULL, 1, 14, 13, 39, '373.png'),
(374, 'Beldum', 3, 15, 11, 23, NULL, 15, 13, 14, 39, '374.png'),
(375, 'Metang', 3, 15, 11, 299, NULL, 15, 13, 14, 39, '375.png'),
(376, 'Metagross', 3, 15, 11, 108, NULL, 15, 13, 14, 39, '376.png'),
(377, 'Regirock', 4, 8, NULL, 55, NULL, 1, 8, NULL, NULL, '377.png'),
(378, 'Regice', 4, 15, NULL, 95, NULL, 1, 15, NULL, NULL, '378.png'),
(379, 'Registeel', 4, 15, NULL, 306, NULL, 1, 15, NULL, NULL, '379.png'),
(380, 'Latias', 3, 11, 3, 87, NULL, 1, 11, NULL, NULL, '380.png'),
(381, 'Latios', 3, 11, 3, 88, NULL, 1, 11, NULL, NULL, '381.png'),
(382, 'Kyogre', 3, 3, NULL, 89, NULL, 1, 3, NULL, NULL, '382.png'),
(383, 'Groudon', 3, 2, NULL, 90, NULL, 1, 2, NULL, NULL, '383.png'),
(384, 'Rayquaza', 3, 8, 3, 91, NULL, 1, 8, NULL, NULL, '384.png'),
(385, 'Jirachi', 3, 11, 13, 92, NULL, 1, 11, NULL, NULL, '385.png'),
(386, 'Deoxys', 3, 11, NULL, 93, NULL, 1, 11, NULL, NULL, '386.png'),
(387, 'Turtwig', 4, 4, NULL, 94, NULL, 1, 13, 14, 39, '387.png'),
(388, 'Grotle', 4, 4, NULL, 98, NULL, 1, 13, 14, 39, '388.png'),
(389, 'Torterra', 4, 4, 8, 44, NULL, 1, 13, 14, 39, '389.png'),
(390, 'Chimchar', 4, 2, NULL, 25, NULL, 1, 14, 13, 39, '390.png'),
(391, 'Monferno', 4, 2, 7, 125, NULL, 1, 14, 13, 39, '391.png'),
(392, 'Infernape', 4, 2, 7, 5, NULL, 1, 14, 13, 39, '392.png'),
(393, 'Piplup', 4, 3, NULL, 16, NULL, 1, 3, 13, 39, '393.png'),
(394, 'Prinplup', 4, 3, NULL, 96, NULL, 1, 3, 13, 39, '394.png'),
(395, 'Empoleon', 4, 3, 8, 96, NULL, 1, 3, 13, 39, '395.png'),
(396, 'Starly', 4, 10, 11, 101, NULL, 1, 16, 13, 39, '396.png'),
(397, 'Staravia', 4, 10, 11, 268, NULL, 1, 16, 13, 39, '397.png'),
(398, 'Staraptor', 4, 10, 11, 201, NULL, 1, 16, 13, 39, '398.png'),
(399, 'Bidoof', 4, 1, NULL, 98, NULL, 1, 1, 13, 39, '399.png'),
(400, 'Bibarel', 4, 1, 3, 198, NULL, 1, 1, 13, 39, '400.png'),
(401, 'Kricketot', 4, 12, NULL, 199, NULL, 1, 12, NULL, NULL, '401.png'),
(402, 'Kricketune', 4, 12, NULL, 200, NULL, 1, 12, 13, 39, '402.png'),
(403, 'Shinx', 4, 5, NULL, 1, NULL, 1, 5, 13, 39, '403.png'),
(404, 'Luxio', 4, 5, NULL, 10, NULL, 1, 5, 13, 39, '404.png'),
(405, 'Luxray', 4, 5, NULL, 6, NULL, 1, 5, 13, 39, '405.png'),
(406, 'Budew', 4, 4, 12, 89, NULL, 1, 4, 12, 13, '406.png'),
(407, 'Roserade', 4, 4, 12, 2, NULL, 1, 4, 12, 13, '407.png'),
(408, 'Cranidos', 4, 8, NULL, 103, NULL, 1, 8, 13, 39, '408.png'),
(409, 'Rampardos', 4, 8, NULL, 103, NULL, 1, 8, 13, 39, '409.png'),
(410, 'Shieldon', 4, 8, 14, 100, NULL, 1, 8, 13, 39, '410.png'),
(411, 'Bastiodon', 4, 8, 14, 238, NULL, 1, 8, 13, 39, '411.png'),
(412, 'Burmy', 4, 12, NULL, 301, NULL, 1, 12, 13, 39, '412.png'),
(413, 'Wormadam', 4, 12, 9, 199, NULL, 1, 12, 13, 39, '413.png'),
(414, 'Mothim', 4, 12, 10, 106, NULL, 1, 12, 13, 39, '414.png'),
(415, 'Combee', 4, 12, 9, 107, NULL, 1, 12, 13, 39, '415.png'),
(416, 'Vespiquen', 4, 12, 9, 107, NULL, 1, 12, 13, 39, '416.png'),
(417, 'Pachirisu', 4, 5, NULL, 108, NULL, 1, 5, 13, 39, '417.png'),
(418, 'Buizel', 4, 3, NULL, 109, NULL, 1, 3, 13, 39, '418.png'),
(419, 'Floatzel', 4, 3, NULL, 109, NULL, 1, 3, 13, 39, '419.png'),
(420, 'Cherubi', 4, 4, NULL, 110, NULL, 1, 4, 13, 39, '420.png'),
(421, 'Cherrim', 4, 4, NULL, 110, NULL, 1, 4, 13, 39, '421.png'),
(422, 'Shellos', 4, 3, NULL, 111, NULL, 1, 3, 13, 39, '422.png'),
(423, 'Gastrodon', 4, 3, 5, 111, NULL, 1, 3, 13, 39, '423.png'),
(424, 'Ambipom', 4, 7, NULL, 112, NULL, 1, 7, 13, 39, '424.png'),
(425, 'Drifloon', 4, 14, 11, 113, NULL, 1, 14, 11, 13, '425.png'),
(426, 'Drifblim', 4, 14, 11, 113, NULL, 1, 14, 11, 13, '426.png'),
(427, 'Buneary', 4, 7, NULL, 114, NULL, 1, 7, 13, 39, '427.png'),
(428, 'Lopunny', 4, 7, NULL, 114, NULL, 1, 7, 13, 39, '428.png'),
(429, 'Mismagius', 4, 14, NULL, 115, NULL, 1, 14, 13, 39, '429.png'),
(430, 'Honchkrow', 4, 10, 14, 116, NULL, 1, 10, 14, 13, '430.png'),
(431, 'Glameow', 4, 7, NULL, 117, NULL, 1, 7, 13, 39, '431.png'),
(432, 'Purugly', 4, 7, NULL, 117, NULL, 1, 7, 13, 39, '432.png'),
(433, 'Chingling', 4, 14, NULL, 118, NULL, 1, 14, 13, 39, '433.png'),
(434, 'Stunky', 4, 10, 1, 119, NULL, 1, 10, 13, 39, '434.png'),
(435, 'Skuntank', 4, 10, 1, 119, NULL, 1, 10, 13, 39, '435.png'),
(436, 'Bronzor', 4, 8, 14, 120, NULL, 1, 8, 13, 39, '436.png'),
(437, 'Bronzong', 4, 8, 14, 120, NULL, 1, 8, 13, 39, '437.png'),
(438, 'Bonsly', 4, 6, NULL, 121, NULL, 1, 6, 13, 39, '438.png'),
(439, 'Mime Jr.', 4, 7, 14, 122, NULL, 1, 7, 13, 39, '439.png'),
(440, 'Happiny', 4, 4, NULL, 123, NULL, 1, 4, 13, 39, '440.png'),
(441, 'Chatot', 4, 10, 12, 124, NULL, 1, 10, 12, 13, '441.png'),
(442, 'Spiritomb', 4, 14, 1, 125, NULL, 1, 14, 13, 39, '442.png'),
(443, 'Gible', 4, 8, 2, 126, NULL, 1, 8, 13, 39, '443.png'),
(444, 'Gabite', 4, 8, 2, 126, NULL, 1, 8, 13, 39, '444.png'),
(445, 'Garchomp', 4, 8, 2, 126, NULL, 1, 8, 13, 39, '445.png'),
(446, 'Munchlax', 4, 4, NULL, 127, NULL, 1, 4, 13, 39, '446.png'),
(447, 'Riolu', 4, 2, NULL, 128, NULL, 1, 2, 13, 39, '447.png'),
(448, 'Lucario', 4, 2, 12, 128, NULL, 1, 2, 13, 39, '448.png'),
(449, 'Hippopotas', 4, 8, NULL, 129, NULL, 1, 8, 13, 39, '449.png'),
(450, 'Hippowdon', 4, 8, NULL, 129, NULL, 1, 8, 13, 39, '450.png'),
(451, 'Skorupi', 4, 10, 12, 130, NULL, 1, 10, 12, 13, '451.png'),
(452, 'Drapion', 4, 10, 12, 130, NULL, 1, 10, 12, 13, '452.png'),
(453, 'Croagunk', 4, 6, 11, 131, NULL, 1, 6, 11, 13, '453.png'),
(454, 'Toxicroak', 4, 6, 11, 131, NULL, 1, 6, 11, 13, '454.png'),
(455, 'Carnivine', 4, 4, NULL, 132, NULL, 1, 4, 13, 39, '455.png'),
(456, 'Finneon', 4, 3, NULL, 133, NULL, 1, 3, 13, 39, '456.png'),
(457, 'Lumineon', 4, 3, NULL, 133, NULL, 1, 3, 13, 39, '457.png'),
(458, 'Mantyke', 4, 3, 11, 134, NULL, 1, 3, 11, 13, '458.png'),
(459, 'Snover', 4, 6, 8, 135, NULL, 1, 6, 8, 13, '459.png'),
(460, 'Abomasnow', 4, 6, 8, 135, NULL, 1, 6, 8, 13, '460.png'),
(461, 'Weavile', 4, 10, 12, 136, NULL, 1, 10, 12, 13, '461.png'),
(462, 'Magnezone', 4, 5, 8, 137, NULL, 1, 5, 8, 13, '462.png'),
(463, 'Lickilicky', 4, 1, NULL, 138, NULL, 1, 1, 13, 39, '463.png'),
(464, 'Rhyperior', 4, 8, 1, 139, NULL, 1, 8, 13, 39, '464.png'),
(465, 'Tangrowth', 4, 4, NULL, 140, NULL, 1, 4, 13, 39, '465.png'),
(466, 'Electivire', 4, 5, NULL, 141, NULL, 1, 5, 13, 39, '466.png'),
(467, 'Magmortar', 4, 2, NULL, 142, NULL, 1, 2, 13, 39, '467.png'),
(468, 'Togekiss', 4, 7, 12, 143, NULL, 1, 7, 12, 13, '468.png'),
(469, 'Yanmega', 4, 12, 10, 144, NULL, 1, 12, 10, 13, '469.png'),
(470, 'Leafeon', 4, 4, NULL, 145, NULL, 1, 4, 13, 39, '470.png'),
(471, 'Glaceon', 4, 6, NULL, 146, NULL, 1, 6, 13, 39, '471.png'),
(472, 'Gliscor', 4, 8, 10, 147, NULL, 1, 8, 10, 13, '472.png'),
(473, 'Mamoswine', 4, 6, 8, 148, NULL, 1, 6, 8, 13, '473.png'),
(474, 'Porygon-Z', 4, 5, NULL, 149, NULL, 1, 5, 13, 39, '474.png'),
(475, 'Gallade', 4, 2, 12, 150, NULL, 1, 2, 12, 13, '475.png'),
(476, 'Probopass', 4, 5, 8, 151, NULL, 1, 5, 8, 13, '476.png'),
(477, 'Dusclops', 4, 14, NULL, 152, NULL, 1, 14, 13, 39, '477.png'),
(478, 'Froslass', 4, 6, 14, 153, NULL, 1, 6, 14, 13, '478.png'),
(479, 'Rotom', 4, 5, 14, 154, NULL, 1, 5, 14, 13, '479.png'),
(480, 'Uxie', 4, 11, NULL, 155, NULL, 1, 11, 13, 39, '480.png'),
(481, 'Mesprit', 4, 11, NULL, 156, NULL, 1, 11, 13, 39, '481.png'),
(482, 'Azelf', 4, 11, NULL, 157, NULL, 1, 11, 13, 39, '482.png'),
(483, 'Dialga', 4, 8, 11, 158, NULL, 1, 8, 11, 13, '483.png'),
(484, 'Palkia', 4, 3, 11, 159, NULL, 1, 3, 11, 13, '484.png'),
(485, 'Heatran', 4, 2, 8, 160, NULL, 1, 2, 8, 13, '485.png'),
(486, 'Regigigas', 4, 1, NULL, 161, NULL, 1, 1, 13, 39, '486.png'),
(487, 'Giratina', 4, 14, 11, 162, NULL, 1, 14, 11, 13, '487.png'),
(488, 'Cresselia', 4, 11, NULL, 163, NULL, 1, 11, 13, 39, '488.png'),
(489, 'Phione', 4, 3, NULL, 164, NULL, 1, 3, 13, 39, '489.png'),
(490, 'Manaphy', 4, 3, NULL, 165, NULL, 1, 3, 13, 39, '490.png'),
(491, 'Darkrai', 4, 14, NULL, 166, NULL, 1, 14, 13, 39, '491.png'),
(492, 'Shaymin', 4, 4, NULL, 167, NULL, 1, 4, 13, 39, '492.png'),
(493, 'Arceus', 4, 1, NULL, 168, NULL, 1, 1, 13, 39, '493.png'),
(494, 'Victini', 5, 11, 14, 55, NULL, 213, 229, 288, 367, '494.png'),
--(495, 'Snivy', 5, 4, NULL, 56, 1, 400, 419, 476, 497, '495.png'),
--(496, 'Servine', 5, 4, NULL, 56, 1, 400, 419, 476, 497, '496.png'),
--(497, 'Serperior', 5, 4, NULL, 56, 1, 400, 419, 476, 497, '497.png'),
--(498, 'Tepig', 5, 2, NULL, 66, 1, 49, 157, 172, 213, '498.png'),
--(499, 'Pignite', 5, 2, 7, 66, 1, 49, 157, 172, 213, '499.png'),
--(500, 'Emboar', 5, 2, 7, 66, 1, 49, 157, 172, 213, '500.png'),
--(501, 'Oshawott', 5, 3, NULL, 67, 1, 29, 145, 196, 253, '501.png'),
--(502, 'Dewott', 5, 3, NULL, 67, 1, 29, 145, 196, 253, '502.png'),
--(503, 'Samurott', 5, 3, NULL, 67, 1, 29, 145, 196, 253, '503.png'),
--(494, 'Victini', 5, 11, 14, 55, NULL, 213, 229, 288, 367, '494.png'),
(495, 'Snivy', 5, 4, NULL, 56, 1, 400, 419, 476, 497, '495.png'),
(496, 'Servine', 5, 4, NULL, 56, 1, 400, 419, 476, 497, '496.png'),
(497, 'Serperior', 5, 4, NULL, 56, 1, 400, 419, 476, 497, '497.png'),
(498, 'Tepig', 5, 2, NULL, 66, 1, 49, 157, 172, 213, '498.png'),
(499, 'Pignite', 5, 2, 7, 66, 1, 49, 157, 172, 213, '499.png'),
(500, 'Emboar', 5, 2, 7, 66, 1, 49, 157, 172, 213, '500.png'),
(501, 'Oshawott', 5, 3, NULL, 67, 1, 29, 145, 196, 253, '501.png'),
(502, 'Dewott', 5, 3, NULL, 67, 1, 29, 145, 196, 253, '502.png'),
(503, 'Samurott', 5, 3, NULL, 67, 1, 29, 145, 196, 253, '503.png'),
(504, 'Patrat', 5, 1, NULL, 68, 125, 1, 53, 111, 149, '504.png'),
(505, 'Watchog', 5, 1, NULL, 68, 125, 1, 53, 111, 149, '505.png'),
(506, 'Lillipup', 5, 1, NULL, 22, 72, 1, 33, 116, 117, '506.png'),
(507, 'Herdier', 5, 1, NULL, 22, 72, 1, 33, 116, 117, '507.png'),
(508, 'Stoutland', 5, 1, NULL, 22, 72, 1, 33, 116, 117, '508.png'),
(509, 'Purrloin', 5, 16, NULL, 45, 75, 7, 119, 177, 202, '509.png'),
(510, 'Liepard', 5, 16, NULL, 45, 75, 7, 119, 177, 202, '510.png'),
(511, 'Pansage', 5, 4, NULL, 39, 125, 3, 54, 128, 154, '511.png'),
(512, 'Simisage', 5, 4, NULL, 39, 125, 3, 54, 128, 154, '512.png'),
(513, 'Pansear', 5, 2, NULL, 39, 125, 1, 16, 92, 144, '513.png'),
(514, 'Simisear', 5, 2, NULL, 39, 125, 1, 16, 92, 144, '514.png'),
(515, 'Panpour', 5, 3, NULL, 39, 125, 3, 49, 103, 154, '515.png'),
(516, 'Simipour', 5, 3, NULL, 39, 125, 3, 49, 103, 154, '516.png'),
(517, 'Munna', 5, 13, NULL, 17, 52, 29, 55, 129, 162, '517.png'),
(518, 'Musharna', 5, 13, NULL, 17, 52, 29, 55, 129, 162, '518.png'),
(519, 'Pidove', 5, 1, 3, 77, 35, 64, 129, 156, 195, '519.png'),
(520, 'Tranquill', 5, 1, 3, 77, 35, 64, 129, 156, 195, '520.png'),
(521, 'Unfezant', 5, 1, 3, 77, 35, 64, 129, 156, 195, '521.png'),
(522, 'Blitzle', 5, 12, NULL, 30, 72, 29, 67, 157, 179, '522.png'),
(523, 'Zebstrika', 5, 12, NULL, 30, 72, 29, 67, 157, 179, '523.png'),
(524, 'Roggenrola', 5, 5, NULL, 5, 124, 33, 48, 135, 201, '524.png'),
(525, 'Boldore', 5, 5, NULL, 5, 124, 33, 48, 135, 201, '525.png'),
(526, 'Gigalith', 5, 5, NULL, 5, 124, 33, 48, 135, 201, '526.png'),
(527, 'Woobat', 5, 13, 3, 12, 125, 33, 56, 110, 181, '527.png'),
(528, 'Swoobat', 5, 13, 3, 12, 125, 33, 56, 110, 181, '528.png'),
(529, 'Drilbur', 5, 9, NULL, 122, 125, 33, 57, 106, 185, '529.png'),
(530, 'Excadrill', 5, 9, 8, 122, 125, 33, 57, 106, 185, '530.png'),
(531, 'Audino', 5, 1, NULL, 22, 82, 7, 31, 135, 162, '531.png'),
(532, 'Timburr', 5, 6, NULL, 82, 125, 16, 42, 140, 201, '532.png'),
(533, 'Gurdurr', 5, 6, NULL, 82, 125, 16, 42, 140, 201, '533.png'),
(534, 'Conkeldurr', 5, 6, NULL, 82, 125, 16, 42, 140, 201, '534.png'),
(535, 'Tympole', 5, 11, NULL, 44, 55, 29, 53, 144, 184, '535.png'),
(536, 'Palpitoad', 5, 11, 9, 44, 55, 29, 53, 144, 184, '536.png'),
(537, 'Seismitoad', 5, 11, 9, 44, 55, 29, 53, 144, 184, '537.png'),
(538, 'Throh', 5, 6, NULL, 47, 125, 34, 42, 136, 189, '538.png'),
(539, 'Sawk', 5, 6, NULL, 49, 125, 34, 42, 136, 189, '539.png'),
(540, 'Sewaddle', 5, 4, 5, 80, 101, 4, 48, 130, 159, '540.png'),
(541, 'Swadloon', 5, 4, 5, 80, 101, 4, 48, 130, 159, '541.png'),
(542, 'Leavanny', 5, 4, 5, 80, 101, 4, 48, 130, 159, '542.png'),
(543, 'Venipede', 5, 7, 3, 52, 148, 1, 18, 116, 144, '543.png'),
(544, 'Whirlipede', 5, 7, 3, 52, 148, 1, 18, 116, 144, '544.png'),
(545, 'Scolipede', 5, 7, 3, 52, 148, 1, 18, 116, 144, '545.png'),
(546, 'Cottonee', 5, 4, 17, 113, 148, 7, 48, 109, 195, '546.png'),
(547, 'Whimsicott', 5, 4, 17, 113, 148, 7, 48, 109, 195, '547.png'),
(548, 'Petilil', 5, 3, NULL, 92, 148, 7, 48, 110, 185, '548.png'),
(549, 'Lilligant', 5, 3, NULL, 92, 148, 7, 48, 110, 185, '549.png'),
(550, 'Basculin', 5, 11, NULL, 126, 125, 7, 56, 132, 202, '550.png'),
(551, 'Sandile', 5, 8, 7, 105, 50, 29, 43, 127, 159, '551.png'),
(552, 'Krokorok', 5, 8, 7, 105, 50, 29, 43, 127, 159, '552.png'),
(553, 'Krookodile', 5, 8, 7, 105, 50, 29, 43, 127, 159, '553.png'),
(554, 'Darumaka', 5, 2, NULL, 35, 125, 1, 49, 172, 176, '554.png'),
(555, 'Darmanitan', 5, 2, NULL, 35, 125, 1, 49, 172, 176, '555.png'),
(556, 'Maractus', 5, 4, NULL, 34, 148, 7, 31, 126, 179, '556.png'),
(557, 'Dwebble', 5, 5, 12, 75, 76, 4, 74, 151, 199, '557.png'),
(558, 'Crustle', 5, 5, 12, 75, 76, 4, 74, 151, 199, '558.png'),
(559, 'Scraggy', 5, 6, 17, 101, 125, 34, 42, 118, 167, '559.png'),
(560, 'Scrafty', 5, 6, 17, 101, 125, 34, 42, 118, 167, '560.png'),
(561, 'Sigilyph', 5, 13, 3, 84, 146, 7, 31, 120, 188, '561.png'),
(562, 'Yamask', 5, 15, NULL, 52, 155, 7, 69, 141, 202, '562.png'),
(563, 'Cofagrigus', 5, 15, NULL, 52, 155, 7, 69, 141, 202, '563.png'),
(564, 'Tirtouga', 5, 10, 7, 92, 103, 3, 33, 117, 145, '564.png'),
(565, 'Carracosta', 5, 10, 7, 92, 103, 3, 33, 117, 145, '565.png'),
(566, 'Archen', 5, 10, 13, 76, 150, 7, 16, 148, 181, '566.png'),
(567, 'Archeops', 5, 10, 13, 76, 150, 7, 16, 148, 181, '567.png'),
(568, 'Trubbish', 5, 17, NULL, 1, 113, 1, 29, 109, 202, '568.png'),
(569, 'Garbodor', 5, 17, NULL, 1, 113, 1, 29, 109, 202, '569.png'),
(570, 'Zorua', 5, 16, NULL, 83, 125, 29, 56, 110, 196, '570.png'),
(571, 'Zoroark', 5, 16, NULL, 83, 125, 29, 56, 110, 196, '571.png'),
(572, 'Minccino', 5, 1, NULL, 51, 120, 1, 42, 114, 157, '572.png'),
(573, 'Cinccino', 5, 1, NULL, 51, 120, 1, 42, 114, 157, '573.png'),
(574, 'Gothita', 5, 13, NULL, 115, 135, 29, 58, 136, 202, '574.png'),
(575, 'Gothorita', 5, 13, NULL, 115, 135, 29, 58, 136, 202, '575.png'),
(576, 'Gothitelle', 5, 13, NULL, 115, 135, 29, 58, 136, 202, '576.png'),
(577, 'Solosis', 5, 14, NULL, 93, 134, 29, 55, 137, 182, '577.png'),
(578, 'Duosion', 5, 14, NULL, 93, 134, 29, 55, 137, 182, '578.png'),
(579, 'Reuniclus', 5, 14, NULL, 93, 134, 29, 55, 137, 182, '579.png'),
(580, 'Ducklett', 5, 11, 3, 80, 20, 29, 56, 133, 189, '580.png'),
(581, 'Swanna', 5, 11, 3, 80, 20, 29, 56, 133, 189, '581.png'),
(582, 'Vanillite', 5, 15, NULL, 35, 115, 3, 48, 149, 172, '582.png'),
(583, 'Vanillish', 5, 15, NULL, 35, 115, 3, 48, 149, 172, '583.png'),
(584, 'Vanilluxe', 5, 15, NULL, 35, 115, 3, 48, 149, 172, '584.png'),
(585, 'Deerling', 5, 1, 10, 95, 79, 7, 38, 118, 185, '585.png'),
(586, 'Sawsbuck', 5, 1, 10, 95, 79, 7, 38, 118, 185, '586.png'),
(587, 'Emolga', 5, 13, 3, 113, 133, 29, 56, 142, 196, '587.png'),
(588, 'Karrablast', 5, 6, NULL, 68, 3, 33, 42, 121, 202, '588.png'),
(589, 'Escavalier', 5, 6, 9, 68, 3, 33, 42, 121, 202, '589.png'),
(590, 'Foongus', 5, 17, 4, 34, 155, 4, 38, 96, 171, '590.png'),
(591, 'Amoonguss', 5, 17, 4, 34, 155, 4, 38, 96, 171, '591.png'),
(592, 'Frillish', 5, 11, 15, 61, 155, 29, 56, 126, 178, '592.png'),
(593, 'Jellicent', 5, 11, 15, 61, 155, 29, 56, 126, 178, '593.png'),
(594, 'Alomomola', 5, 11, NULL, 50, 165, 7, 69, 154, 196, '594.png'),
(595, 'Joltik', 5, 7, 13, 36, 35, 29, 58, 101, 128, '595.png'),
(596, 'Galvantula', 5, 7, 13, 36, 35, 29, 58, 101, 128, '596.png'),
(597, 'Ferroseed', 5, 6, 14, 61, 101, 1, 36, 119, 146, '597.png'),
(598, 'Ferrothorn', 5, 6, 14, 61, 101, 1, 36, 119, 146, '598.png'),
(599, 'Klink', 5, 9, NULL, 78, 115, 29, 48, 114, 167, '599.png'),
(600, 'Klang', 5, 9, NULL, 78, 115, 29, 48, 114, 167, '600.png'),
(601, 'Klinklang', 5, 9, NULL, 78, 115, 29, 48, 114, 167, '601.png'),
(602, 'Tynamo', 5, 7, NULL, 24, 55, 29, 53, 110, 155, '602.png'),
(603, 'Eelektrik', 5, 7, NULL, 24, 55, 29, 53, 110, 155, '603.png'),
(604, 'Eelektross', 5, 7, NULL, 24, 55, 29, 53, 110, 155, '604.png'),
(605, 'Elgyem', 5, 13, NULL, 95, 135, 29, 53, 115, 188, '605.png'),
(606, 'Beheeyem', 5, 13, NULL, 95, 135, 29, 53, 115, 188, '606.png'),
(607, 'Litwick', 5, 15, 13, 63, 55, 7, 58, 111, 155, '607.png'),
(608, 'Lampent', 5, 15, 13, 63, 55, 7, 58, 111, 155, '608.png'),
(609, 'Chandelure', 5, 15, 13, 63, 55, 7, 58, 111, 155, '609.png'),
(610, 'Axew', 5, 16, NULL, 76, 55, 29, 48, 125, 169, '610.png'),
(611, 'Fraxure', 5, 16, NULL, 76, 55, 29, 48, 125, 169, '611.png'),
(612, 'Haxorus', 5, 16, NULL, 76, 55, 29, 48, 125, 169, '612.png'),
(613, 'Cubchoo', 5, 15, NULL, 39, 70, 1, 48, 126, 161, '613.png'),
(614, 'Beartic', 5, 15, NULL, 39, 70, 1, 48, 126, 161, '614.png'),
(615, 'Cryogonal', 5, 15, NULL, 65, 70, 7, 54, 115, 155, '615.png'),
(616, 'Shelmet', 5, 6, NULL, 69, 130, 29, 36, 109, 159, '616.png'),
(617, 'Accelgor', 5, 6, NULL, 69, 130, 29, 36, 109, 159, '617.png'),
(618, 'Stunfisk', 5, 8, 11, 54, 101, 1, 53, 121, 155, '618.png'),
(619, 'Mienfoo', 5, 6, NULL, 77, 125, 29, 48, 118, 165, '619.png'),
(620, 'Mienshao', 5, 6, NULL, 77, 125, 29, 48, 118, 165, '620.png'),
(621, 'Druddigon', 5, 16, NULL, 77, 101, 29, 48, 139, 184, '621.png'),
(622, 'Golett', 5, 8, 13, 57, 101, 7, 48, 113, 167, '622.png'),
(623, 'Golurk', 5, 8, 13, 57, 101, 7, 48, 113, 167, '623.png'),
(624, 'Pawniard', 5, 16, 6, 57, 80, 34, 69, 130, 167, '624.png'),
(625, 'Bisharp', 5, 16, 6, 57, 80, 34, 69, 130, 167, '625.png'),
(626, 'Bouffalant', 5, 1, NULL, 81, 125, 7, 48, 139, 196, '626.png'),
(627, 'Rufflet', 5, 1, 13, 97, 60, 1, 48, 130, 165, '627.png'),
(628, 'Braviary', 5, 1, 13, 97, 60, 1, 48, 130, 165, '628.png'),
(629, 'Vullaby', 5, 16, 15, 74, 60, 1, 48, 139, 165, '629.png'),
(630, 'Mandibuzz', 5, 16, 15, 74, 60, 1, 48, 139, 165, '630.png'),
(631, 'Heatmor', 5, 15, NULL, 45, 160, 29, 48, 151, 196, '631.png'),
(632, 'Durant', 5, 6, 9, 109, 70, 29, 42, 138, 177, '632.png'),
(633, 'Deino', 5, 16, 10, 65, 70, 7, 38, 131, 161, '633.png'),
(634, 'Zweilous', 5, 16, 10, 65, 70, 7, 38, 131, 161, '634.png'),
(635, 'Hydreigon', 5, 16, 10, 65, 70, 7, 38, 131, 161, '635.png'),
(636, 'Larvesta', 5, 15, 7, 53, 130, 29, 58, 126, 165, '636.png'),
(637, 'Volcarona', 5, 15, 13, 53, 130, 29, 58, 126, 165, '637.png'),
(638, 'Cobalion', 5, 16, 9, 129, 90, 7, 48, 150, 188, '638.png'),
(639, 'Terrakion', 5, 16, 9, 129, 90, 7, 48, 150, 188, '639.png'),
(640, 'Virizion', 5, 16, 9, 129, 90, 7, 48, 150, 188, '640.png'),
(641, 'Tornadus', 5, 11, NULL, 101, 80, 7, 31, 140, 188, '641.png'),
(642, 'Thundurus', 5, 7, 11, 101, 80, 7, 31, 140, 188, '642.png'),
(643, 'Reshiram', 5, 15, 9, 129, 100, 7, 48, 155, 196, '643.png'),
(644, 'Zekrom', 5, 7, 9, 129, 100, 7, 48, 155, 196, '644.png'),
(645, 'Landorus', 5, 8, 11, 101, 80, 7, 31, 140, 188, '645.png'),
(646, 'Kyurem', 5, 15, 7, 97, 90, 7, 48, 155, 196, '646.png'),
(647, 'Keldeo', 5, 11, 9, 129, 90, 7, 48, 150, 188, '647.png'),
(648, 'Meloetta', 5, 1, 13, 99, 90, 29, 58, 140, 188, '648.png'),
(649, 'Genesect', 5, 6, 9, 129, 90, 7, 48, 150, 188, '649.png'),
(650, 'Chespin', 6, 4, NULL, 15, NULL, 1, 2, 20, 21, '650.png'),
(651, 'Quilladin', 6, 4, NULL, 15, NULL, 1, 2, 20, 21, '651.png'),
(652, 'Chesnaught', 6, 4, 7, 15, NULL, 1, 2, 20, 21, '652.png'),
(653, 'Fennekin', 6, 2, NULL, 18, NULL, 1, 2, 22, 23, '653.png'),
(654, 'Braixen', 6, 2, NULL, 18, NULL, 1, 2, 22, 23, '654.png'),
(655, 'Delphox', 6, 2, 11, 18, NULL, 1, 2, 22, 23, '655.png'),
(656, 'Froakie', 6, 3, NULL, 16, NULL, 1, 2, 24, 25, '656.png'),
(657, 'Frogadier', 6, 3, NULL, 16, NULL, 1, 2, 24, 25, '657.png'),
(658, 'Greninja', 6, 3, 16, 16, NULL, 1, 2, 24, 25, '658.png'),
(659, 'Bunnelby', 6, 1, NULL, 45, NULL, 1, 2, 26, 27, '659.png'),
(660, 'Diggersby', 6, 1, 5, 45, NULL, 1, 2, 26, 27, '660.png'),
(661, 'Fletchling', 6, 10, 1, 22, NULL, 1, 2, 28, 29, '661.png'),
(662, 'Fletchinder', 6, 10, 2, 22, NULL, 1, 2, 28, 29, '662.png'),
(663, 'Talonflame', 6, 10, 2, 22, NULL, 1, 2, 28, 29, '663.png'),
(664, 'Scatterbug', 6, 12, NULL, 33, NULL, 1, 2, 30, 31, '664.png'),
(665, 'Spewpa', 6, 12, NULL, 33, NULL, 1, 2, 30, 31, '665.png'),
(666, 'Vivillon', 6, 12, 6, 33, NULL, 1, 2, 30, 31, '666.png'),
(667, 'Litleo', 6, 2, 5, 47, NULL, 1, 2, 32, 33, '667.png'),
(668, 'Pyroar', 6, 2, 5, 47, NULL, 1, 2, 32, 33, '668.png'),
(669, 'Flabébé', 6, 17, NULL, 34, NULL, 1, 2, 35, 36, '669.png'),
(670, 'Floette', 6, 17, NULL, 34, NULL, 1, 2, 35, 36, '670.png'),
(671, 'Florges', 6, 17, NULL, 34, NULL, 1, 2, 35, 36, '671.png'),
(672, 'Skiddo', 6, 4, NULL, 46, NULL, 1, 2, 37, 38, '672.png'),
(673, 'Gogoat', 6, 4, NULL, 46, NULL, 1, 2, 37, 38, '673.png'),
(674, 'Pancham', 6, 7, NULL, 48, NULL, 1, 2, 39, 40, '674.png'),
(675, 'Pangoro', 6, 7, 16, 48, NULL, 1, 2, 39, 40, '675.png'),
(676, 'Furfrou', 6, 1, NULL, 49, NULL, 1, 2, 41, 42, '676.png'),
(677, 'Espurr', 6, 11, NULL, 50, NULL, 1, 2, 43, 44, '677.png'),
(678, 'Meowstic', 6, 11, NULL, 50, NULL, 1, 2, 43, 44, '678.png'),
(679, 'Honedge', 6, 8, 16, 51, NULL, 1, 2, 45, 46, '679.png'),
(680, 'Doublade', 6, 8, 16, 51, NULL, 1, 2, 45, 46, '680.png'),
(681, 'Aegislash', 6, 8, 16, 51, NULL, 1, 2, 45, 46, '681.png'),
(682, 'Spritzee', 6, 13, NULL, 52, NULL, 1, 2, 47, 48, '682.png'),
(683, 'Aromatisse', 6, 13, NULL, 52, NULL, 1, 2, 47, 48, '683.png'),
(684, 'Swirlix', 6, 17, NULL, 53, NULL, 1, 2, 49, 50, '684.png'),
(685, 'Slurpuff', 6, 17, NULL, 53, NULL, 1, 2, 49, 50, '685.png'),
(686, 'Inkay', 6, 11, 3, 54, NULL, 1, 2, 51, 52, '686.png'),
(687, 'Malamar', 6, 11, 3, 54, NULL, 1, 2, 51, 52, '687.png'),
(688, 'Binacle', 6, 6, 4, 55, NULL, 1, 2, 53, 54, '688.png'),
(689, 'Barbaracle', 6, 6, 4, 55, NULL, 1, 2, 53, 54, '689.png'),
(690, 'Skrelp', 6, 6, 13, 56, NULL, 1, 2, 55, 56, '690.png'),
(691, 'Dragalge', 6, 6, 13, 56, NULL, 1, 2, 55, 56, '691.png'),
(692, 'Clauncher', 6, 18, NULL, 57, NULL, 1, 2, 57, 58, '692.png'),
(693, 'Clawitzer', 6, 18, NULL, 57, NULL, 1, 2, 57, 58, '693.png'),
(694, 'Helioptile', 6, 3, 12, 58, NULL, 1, 2, 59, 60, '694.png'),
(695, 'Heliolisk', 6, 3, 12, 58, NULL, 1, 2, 59, 60, '695.png'),
(696, 'Tyrunt', 6, 6, 8, 59, NULL, 1, 2, 61, 62, '696.png'),
(697, 'Tyrantrum', 6, 6, 8, 59, NULL, 1, 2, 61, 62, '697.png'),
(698, 'Amaura', 6, 5, 12, 60, NULL, 1, 2, 63, 64, '698.png'),
(699, 'Aurorus', 6, 5, 12, 60, NULL, 1, 2, 63, 64, '699.png'),
(700, 'Sylveon', 6, 17, NULL, 61, NULL, 1, 2, 65, 66, '700.png'),
(701, 'Hawlucha', 6, 7, 16, 62, NULL, 1, 2, 67, 68, '701.png'),
(702, 'Dedenne', 6, 3, 17, 63, NULL, 1, 2, 69, 70, '702.png'),
(703, 'Carbink', 6, 5, 13, 64, NULL, 1, 2, 71, 72, '703.png'),
(704, 'Goomy', 6, 6, NULL, 65, NULL, 1, 2, 73, 74, '704.png'),
(705, 'Sliggoo', 6, 6, NULL, 65, NULL, 1, 2, 73, 74, '705.png'),
(706, 'Goodra', 6, 6, NULL, 65, NULL, 1, 2, 73, 74, '706.png'),
(707, 'Klefki', 6, 18, 17, 66, NULL, 1, 2, 75, 76, '707.png'),
(708, 'Phantump', 6, 5, 7, 67, NULL, 1, 2, 77, 78, '708.png'),
(709, 'Trevenant', 6, 5, 7, 67, NULL, 1, 2, 77, 78, '709.png'),
(710, 'Pumpkaboo', 6, 7, 5, 68, NULL, 1, 2, 79, 80, '710.png'),
(711, 'Gourgeist', 6, 7, 5, 68, NULL, 1, 2, 79, 80, '711.png'),
(712, 'Bergmite', 6, 5, NULL, 69, NULL, 1, 2, 81, 82, '712.png'),
(713, 'Avalugg', 6, 5, NULL, 69, NULL, 1, 2, 81, 82, '713.png'),
(714, 'Noibat', 6, 3, 7, 70, NULL, 1, 2, 83, 84, '714.png'),
(715, 'Noivern', 6, 3, 7, 70, NULL, 1, 2, 83, 84, '715.png'),
(716, 'Xerneas', 6, 17, NULL, 71, NULL, 1, 2, 85, 86, '716.png'),
(717, 'Yveltal', 6, 3, 16, 72, NULL, 1, 2, 87, 88, '717.png'),
(718, 'Zygarde', 6, 6, 8, 73, NULL, 1, 2, 89, 90, '718.png'),
(722, 'Rowlet', 7, 10, 4, 81, NULL, 1, 2, 91, 92, '722.png'),
(723, 'Dartrix', 7, 10, 4, 81, NULL, 1, 2, 91, 92, '723.png'),
(724, 'Decidueye', 7, 10, 8, 81, NULL, 1, 2, 91, 92, '724.png'),
(725, 'Litten', 7, 2, NULL, 82, NULL, 1, 2, 93, 94, '725.png'),
(726, 'Torracat', 7, 2, NULL, 82, NULL, 1, 2, 93, 94, '726.png'),
(727, 'Incineroar', 7, 2, 16, 82, NULL, 1, 2, 93, 94, '727.png'),
(728, 'Popplio', 7, 3, NULL, 83, NULL, 1, 2, 95, 96, '728.png'),
(729, 'Brionne', 7, 3, NULL, 83, NULL, 1, 2, 95, 96, '729.png'),
(730, 'Primarina', 7, 3, 17, 83, NULL, 1, 2, 95, 96, '730.png'),
(731, 'Pikipek', 7, 1, 7, 84, NULL, 1, 2, 97, 98, '731.png'),
(732, 'Trumbeak', 7, 1, 7, 84, NULL, 1, 2, 97, 98, '732.png'),
(733, 'Toucannon', 7, 1, 7, 84, NULL, 1, 2, 97, 98, '733.png'),
(734, 'Yungoos', 7, 1, NULL, 85, NULL, 1, 2, 99, 100, '734.png'),
(735, 'Gumshoos', 7, 1, NULL, 85, NULL, 1, 2, 99, 100, '735.png'),
(736, 'Grubbin', 7, 11, NULL, 86, NULL, 1, 2, 101, 102, '736.png'),
(737, 'Charjabug', 7, 11, 9, 86, NULL, 1, 2, 101, 102, '737.png'),
(738, 'Vikavolt', 7, 11, 9, 86, NULL, 1, 2, 101, 102, '738.png'),
(739, 'Crabrawler', 7, 7, NULL, 87, NULL, 1, 2, 103, 104, '739.png'),
(740, 'Crabominable', 7, 7, 6, 87, NULL, 1, 2, 103, 104, '740.png'),
(741, 'Oricorio', 7, 4, NULL, 88, NULL, 1, 2, 105, 106, '741.png'),
(742, 'Cutiefly', 7, 4, 17, 89, NULL, 1, 2, 107, 108, '742.png'),
(743, 'Ribombee', 7, 4, 17, 89, NULL, 1, 2, 107, 108, '743.png'),
(744, 'Rockruff', 7, 6, NULL, 90, NULL, 1, 2, 109, 110, '744.png'),
(745, 'Lycanroc', 7, 6, NULL, 90, NULL, 1, 2, 109, 110, '745.png'),
(746, 'Wishiwashi', 7, 3, NULL, 91, NULL, 1, 2, 111, 112, '746.png'),
(747, 'Mareanie', 7, 8, 4, 92, NULL, 1, 2, 113, 114, '747.png'),
(748, 'Toxapex', 7, 8, 4, 92, NULL, 1, 2, 113, 114, '748.png'),
(749, 'Mudbray', 7, 9, NULL, 93, NULL, 1, 2, 115, 116, '749.png'),
(750, 'Mudsdale', 7, 9, NULL, 93, NULL, 1, 2, 115, 116, '750.png'),
(751, 'Dewpider', 7, 3, 11, 94, NULL, 1, 2, 117, 118, '751.png'),
(752, 'Araquanid', 7, 3, 11, 94, NULL, 1, 2, 117, 118, '752.png'),
(753, 'Fomantis', 7, 4, NULL, 95, NULL, 1, 2, 119, 120, '753.png'),
(754, 'Lurantis', 7, 4, NULL, 95, NULL, 1, 2, 119, 120, '754.png'),
(755, 'Morelull', 7, 4, 17, 96, NULL, 1, 2, 121, 122, '755.png'),
(756, 'Shiinotic', 7, 4, 17, 96, NULL, 1, 2, 121, 122, '756.png'),
(757, 'Salandit', 7, 8, 16, 97, NULL, 1, 2, 123, 124, '757.png'),
(758, 'Salazzle', 7, 8, 16, 97, NULL, 1, 2, 123, 124, '758.png'),
(759, 'Stufful', 7, 1, 9, 98, NULL, 1, 2, 125, 126, '759.png'),
(760, 'Bewear', 7, 1, 9, 98, NULL, 1, 2, 125, 126, '760.png'),
(761, 'Bounsweet', 7, 4, NULL, 99, NULL, 1, 2, 127, 128, '761.png'),
(762, 'Steenee', 7, 4, NULL, 99, NULL, 1, 2, 127, 128, '762.png'),
(763, 'Tsareena', 7, 4, NULL, 99, NULL, 1, 2, 127, 128, '763.png'),
(764, 'Comfey', 7, 4, NULL, 100, NULL, 1, 2, 129, 130, '764.png'),
(765, 'Oranguru', 7, 1, 14, 101, NULL, 1, 2, 131, 132, '765.png'),
(766, 'Passimian', 7, 1, NULL, 102, NULL, 1, 2, 133, 134, '766.png'),
(767, 'Wimpod', 7, 11, 8, 103, NULL, 1, 2, 135, 136, '767.png'),
(768, 'Golisopod', 7, 11, 8, 103, NULL, 1, 2, 135, 136, '768.png'),
(769, 'Sandygast', 7, 5, 9, 104, NULL, 1, 2, 137, 138, '769.png'),
(770, 'Palossand', 7, 5, 9, 104, NULL, 1, 2, 137, 138, '770.png'),
(771, 'Pyukumuku', 7, 8, NULL, 105, NULL, 1, 2, 139, 140, '771.png'),
(772, 'Type: Null', 7, 14, NULL, 106, NULL, 1, 2, 141, 142, '772.png'),
(773, 'Silvally', 7, 14, NULL, 106, NULL, 1, 2, 141, 142, '773.png'),
(774, 'Minior', 7, 5, 14, 107, NULL, 1, 2, 143, 144, '774.png'),
(775, 'Komala', 7, 1, NULL, 108, NULL, 1, 2, 145, 146, '775.png'),
(776, 'Turtonator', 7, 2, 5, 109, NULL, 1, 2, 147, 148, '776.png'),
(777, 'Togedemaru', 7, 13, 1, 110, NULL, 1, 2, 149, 150, '777.png'),
(778, 'Mimikyu', 7, 4, 17, 111, NULL, 1, 2, 151, 152, '778.png'),
(779, 'Bruxish', 7, 8, 10, 112, NULL, 1, 2, 153, 154, '779.png'),
(780, 'Drampa', 7, 1, 5, 113, NULL, 1, 2, 155, 156, '780.png'),
(781, 'Dhelmise', 7, 5, 14, 114, NULL, 1, 2, 157, 158, '781.png'),
(782, 'Jangmo-o', 7, 16, NULL, 115, NULL, 1, 2, 159, 160, '782.png'),
(783, 'Hakamo-o', 7, 16, 6, 115, NULL, 1, 2, 159, 160, '783.png'),
(784, 'Kommo-o', 7, 16, 6, 115, NULL, 1, 2, 159, 160, '784.png'),
(785, 'Tapu Koko', 7, 13, 17, 116, NULL, 1, 2, 161, 162, '785.png'),
(786, 'Tapu Lele', 7, 14, 17, 117, NULL, 1, 2, 163, 164, '786.png'),
(787, 'Tapu Bulu', 7, 9, 17, 118, NULL, 1, 2, 165, 166, '787.png'),
(788, 'Tapu Fini', 7, 8, 17, 119, NULL, 1, 2, 167, 168, '788.png'),
(789, 'Cosmog', 7, 14, NULL, 120, NULL, 1, 2, 169, 170, '789.png'),
(790, 'Cosmoem', 7, 14, NULL, 121, NULL, 1, 2, 171, 172, '790.png'),
(791, 'Solgaleo', 7, 14, 9, 122, NULL, 1, 2, 173, 174, '791.png'),
(792, 'Lunala', 7, 14, 10, 123, NULL, 1, 2, 175, 176, '792.png'),
(793, 'Nihilego', 7, 8, 14, 124, NULL, 1, 2, 177, 178, '793.png'),
(794, 'Buzzwole', 7, 1, 14, 125, NULL, 1, 2, 179, 180, '794.png'),
(795, 'Pheromosa', 7, 1, 14, 126, NULL, 1, 2, 181, 182, '795.png'),
(796, 'Xurkitree', 7, 13, NULL, 127, NULL, 1, 2, 183, 184, '796.png'),
(797, 'Celesteela', 7, 5, 9, 128, NULL, 1, 2, 185, 186, '797.png'),
(798, 'Kartana', 7, 14, 9, 129, NULL, 1, 2, 187, 188, '798.png'),
(799, 'Guzzlord', 7, 15, 14, 130, NULL, 1, 2, 189, 190, '799.png'),
(800, 'Necrozma', 7, 14, NULL, 131, NULL, 1, 2, 191, 192, '800.png'),
(801, 'Magearna', 7, 16, 14, 132, NULL, 1, 2, 193, 194, '801.png'),
(802, 'Marshadow', 7, 16, 6, 133, NULL, 1, 2, 195, 196, '802.png'),
(803, 'Poipole', 7, 8, 14, 134, NULL, 1, 2, 197, 198, '803.png'),
(804, 'Naganadel', 7, 8, 14, 134, NULL, 1, 2, 197, 198, '804.png'),
(805, 'Stakataka', 7, 5, 14, 135, NULL, 1, 2, 199, 200, '805.png'),
(806, 'Blacephalon', 7, 10, 14, 136, NULL, 1, 2, 201, 202, '806.png'),
(810, 'Grookey', 8, 11, NULL, 137, NULL, 1, 2, 203, 204, '810.png'),
(811, 'Thwackey', 8, 11, NULL, 137, NULL, 1, 2, 203, 204, '811.png'),
(812, 'Rillaboom', 8, 11, NULL, 137, NULL, 1, 2, 203, 204, '812.png'),
(813, 'Scorbunny', 8, 2, NULL, 138, NULL, 1, 2, 205, 206, '813.png'),
(814, 'Raboot', 8, 2, NULL, 138, NULL, 1, 2, 205, 206, '814.png'),
(815, 'Cinderace', 8, 2, NULL, 138, NULL, 1, 2, 205, 206, '815.png'),
(816, 'Sobble', 8, 3, NULL, 139, NULL, 1, 2, 207, 208, '816.png'),
(817, 'Drizzile', 8, 3, NULL, 139, NULL, 1, 2, 207, 208, '817.png'),
(818, 'Inteleon', 8, 3, NULL, 139, NULL, 1, 2, 207, 208, '818.png'),
(819, 'Skwovet', 8, 1, NULL, 140, NULL, 1, 2, 209, 210, '819.png'),
(820, 'Greedent', 8, 1, NULL, 140, NULL, 1, 2, 209, 210, '820.png'),
(821, 'Rookidee', 8, 5, 10, 141, NULL, 1, 2, 211, 212, '821.png'),
(822, 'Corvisquire', 8, 5, 10, 141, NULL, 1, 2, 211, 212, '822.png'),
(823, 'Corviknight', 8, 5, 10, 141, NULL, 1, 2, 211, 212, '823.png'),
(824, 'Blipbug', 8, 6, NULL, 142, NULL, 1, 2, 213, 214, '824.png'),
(825, 'Dottler', 8, 6, 11, 142, NULL, 1, 2, 213, 214, '825.png'),
(826, 'Orbeetle', 8, 6, 11, 142, NULL, 1, 2, 213, 214, '826.png'),
(827, 'Nickit', 8, 10, NULL, 143, NULL, 1, 2, 215, 216, '827.png'),
(828, 'Thievul', 8, 10, NULL, 143, NULL, 1, 2, 215, 216, '828.png'),
(829, 'Gossifleur', 8, 4, NULL, 144, NULL, 1, 2, 217, 218, '829.png'),
(830, 'Eldegoss', 8, 4, NULL, 144, NULL, 1, 2, 217, 218, '830.png'),
(831, 'Wooloo', 8, 1, NULL, 145, NULL, 1, 2, 219, 220, '831.png'),
(832, 'Dubwool', 8, 1, NULL, 145, NULL, 1, 2, 219, 220, '832.png'),
(833, 'Chewtle', 8, 3, NULL, 146, NULL, 1, 2, 221, 222, '833.png'),
(834, 'Drednaw', 8, 3, 5, 146, NULL, 1, 2, 221, 222, '834.png'),
(835, 'Yamper', 8, 5, NULL, 147, NULL, 1, 2, 223, 224, '835.png'),
(836, 'Boltund', 8, 5, NULL, 147, NULL, 1, 2, 223, 224, '836.png'),
(837, 'Rolycoly', 8, 9, NULL, 148, NULL, 1, 2, 225, 226, '837.png'),
(838, 'Carkol', 8, 9, 1, 148, NULL, 1, 2, 225, 226, '838.png'),
(839, 'Coalossal', 8, 9, 1, 148, NULL, 1, 2, 225, 226, '839.png'),
(840, 'Applin', 8, 4, 14, 149, NULL, 1, 2, 227, 228, '840.png'),
(841, 'Flapple', 8, 4, 14, 149, NULL, 1, 2, 227, 228, '841.png'),
(842, 'Appletun', 8, 4, 14, 149, NULL, 1, 2, 227, 228, '842.png'),
(843, 'Silicobra', 8, 3, NULL, 150, NULL, 1, 2, 229, 230, '843.png'),
(844, 'Sandaconda', 8, 3, NULL, 150, NULL, 1, 2, 229, 230, '844.png'),
(845, 'Cramorant', 8, 6, 3, 151, NULL, 1, 2, 231, 232, '845.png'),
(846, 'Arrokuda', 8, 3, NULL, 152, NULL, 1, 2, 233, 234, '846.png'),
(847, 'Barraskewda', 8, 3, NULL, 152, NULL, 1, 2, 233, 234, '847.png'),
(848, 'Toxel', 8, 8, 3, 153, NULL, 1, 2, 235, 236, '848.png'),
(849, 'Toxtricity', 8, 8, 3, 153, NULL, 1, 2, 235, 236, '849.png'),
(850, 'Sizzlipede', 8, 9, 3, 154, NULL, 1, 2, 237, 238, '850.png'),
(851, 'Centiskorch', 8, 9, 3, 154, NULL, 1, 2, 237, 238, '851.png'),
(852, 'Clobbopus', 8, 7, NULL, 155, NULL, 1, 2, 239, 240, '852.png'),
(853, 'Grapploct', 8, 7, NULL, 155, NULL, 1, 2, 239, 240, '853.png'),
(854, 'Sinistea', 8, 13, NULL, 156, NULL, 1, 2, 241, 242, '854.png'),
(855, 'Polteageist', 8, 13, NULL, 156, NULL, 1, 2, 241, 242, '855.png'),
(856, 'Hatenna', 8, 11, NULL, 157, NULL, 1, 2, 243, 244, '856.png'),
(857, 'Hattrem', 8, 11, NULL, 157, NULL, 1, 2, 243, 244, '857.png'),
(858, 'Hatterene', 8, 11, 13, 157, NULL, 1, 2, 243, 244, '858.png'),
(859, 'Impidimp', 8, 13, 5, 158, NULL, 1, 2, 245, 246, '859.png'),
(860, 'Morgrem', 8, 13, 5, 158, NULL, 1, 2, 245, 246, '860.png'),
(861, 'Grimmsnarl', 8, 13, 5, 158, NULL, 1, 2, 245, 246, '861.png'),
(862, 'Obstagoon', 8, 10, 7, 159, NULL, 1, 2, 247, 248, '862.png'),
(863, 'Perrserker', 8, 10, NULL, 160, NULL, 1, 2, 249, 250, '863.png'),
(864, 'Cursola', 8, 13, NULL, 161, NULL, 1, 2, 251, 252, '864.png'),
(865, 'Sirfetch’d', 8, 10, NULL, 162, NULL, 1, 2, 253, 254, '865.png'),
(866, 'Mr. Rime', 8, 11, 7, 163, NULL, 1, 2, 255, 256, '866.png'),
(867, 'Runerigus', 8, 13, 9, 164, NULL, 1, 2, 257, 258, '867.png'),
(868, 'Milcery', 8, 13, NULL, 165, NULL, 1, 2, 259, 260, '868.png'),
(869, 'Alcremie', 8, 13, NULL, 165, NULL, 1, 2, 259, 260, '869.png'),
(870, 'Falinks', 8, 5, NULL, 166, NULL, 1, 2, 261, 262, '870.png'),
(871, 'Pincurchin', 8, 3, NULL, 167, NULL, 1, 2, 263, 264, '871.png'),
(872, 'Snom', 8, 6, 11, 168, NULL, 1, 2, 265, 266, '872.png'),
(873, 'Frosmoth', 8, 6, 11, 168, NULL, 1, 2, 265, 266, '873.png'),
(874, 'Stonjourner', 8, 9, NULL, 169, NULL, 1, 2, 267, 268, '874.png'),
(875, 'Eiscue', 8, 6, NULL, 170, NULL, 1, 2, 269, 270, '875.png'),
(876, 'Indeedee', 8, 11, 10, 171, NULL, 1, 2, 271, 272, '876.png'),
(877, 'Morpeko', 8, 10, 3, 172, NULL, 1, 2, 273, 274, '877.png'),
(878, 'Cufant', 8, 9, NULL, 173, NULL, 1, 2, 275, 276, '878.png'),
(879, 'Copperajah', 8, 9, NULL, 173, NULL, 1, 2, 275, 276, '879.png'),
(880, 'Dracozolt', 8, 8, 9, 174, NULL, 1, 2, 277, 278, '880.png'),
(881, 'Arctozolt', 8, 6, 9, 175, NULL, 1, 2, 279, 280, '881.png'),
(882, 'Dracovish', 8, 8, 3, 176, NULL, 1, 2, 281, 282, '882.png'),
(883, 'Arctovish', 8, 6, 3, 177, NULL, 1, 2, 283, 284, '883.png'),
(884, 'Duraludon', 8, 9, 8, 178, NULL, 1, 2, 285, 286, '884.png'),
(885, 'Dreepy', 8, 8, 7, 179, NULL, 1, 2, 287, 288, '885.png'),
(886, 'Drakloak', 8, 8, 7, 179, NULL, 1, 2, 287, 288, '886.png'),
(887, 'Dragapult', 8, 8, 7, 179, NULL, 1, 2, 287, 288, '887.png'),
(888, 'Zacian', 8, 16, NULL, 180, NULL, 1, 2, 289, 290, '888.png'),
(889, 'Zamazenta', 8, 17, NULL, 181, NULL, 1, 2, 291, 292, '889.png'),
(890, 'Eternatus', 8, 8, 13, 182, NULL, 1, 2, 293, 294, '890.png'),
(891, 'Kubfu', 8, 7, NULL, 183, NULL, 1, 2, 295, 296, '891.png'),
(892, 'Urshifu', 8, 7, 10, 183, NULL, 1, 2, 295, 296, '892.png'),
(893, 'Zarude', 8, 4, 17, 184, NULL, 1, 2, 297, 298, '893.png'),
(894, 'Regieleki', 8, 8, NULL, 185, NULL, 1, 2, 299, 300, '894.png'),
(895, 'Regidrago', 8, 8, NULL, 186, NULL, 1, 2, 301, 302, '895.png'),
(896, 'Glastrier', 8, 6, NULL, 187, NULL, 1, 2, 303, 304, '896.png'),
(897, 'Spectrier', 8, 11, NULL, 188, NULL, 1, 2, 305, 306, '897.png'),
(898, 'Calyrex', 8, 11, 14, 189, NULL, 1, 2, 307, 308, '898.png');


-- Agregar restricciones de clave externa
ALTER TABLE [Movimientos]
ADD CONSTRAINT FK_Movimientos_Tipos
FOREIGN KEY (TipoID) REFERENCES [Tipos](ID);
GO

ALTER TABLE [Pokemon]
ADD CONSTRAINT FK_Pokemon_Generaciones
FOREIGN KEY (GeneracionID) REFERENCES [Generaciones](ID);

ALTER TABLE [Pokemon]
ADD CONSTRAINT FK_Pokemon_Tipos1
FOREIGN KEY (Tipo1ID) REFERENCES [Tipos](ID);

ALTER TABLE [Pokemon]
ADD CONSTRAINT FK_Pokemon_Tipos2
FOREIGN KEY (Tipo2ID) REFERENCES [Tipos](ID);

ALTER TABLE [Pokemon]
ADD CONSTRAINT FK_Pokemon_Habilidades1
FOREIGN KEY (Habilidad1ID) REFERENCES [Habilidades](ID);

ALTER TABLE [Pokemon]
ADD CONSTRAINT FK_Pokemon_Habilidades2
FOREIGN KEY (Habilidad2ID) REFERENCES [Habilidades](ID);

ALTER TABLE [Pokemon]
ADD CONSTRAINT FK_Pokemon_Movimientos1
FOREIGN KEY (Movimiento1ID) REFERENCES [Movimientos](ID);

ALTER TABLE [Pokemon]
ADD CONSTRAINT FK_Pokemon_Movimientos2
FOREIGN KEY (Movimiento2ID) REFERENCES [Movimientos](ID);

ALTER TABLE [Pokemon]
ADD CONSTRAINT FK_Pokemon_Movimientos3
FOREIGN KEY (Movimiento3ID) REFERENCES [Movimientos](ID);

ALTER TABLE [Pokemon]
ADD CONSTRAINT FK_Pokemon_Movimientos4
FOREIGN KEY (Movimiento4ID) REFERENCES [Movimientos](ID);

ALTER TABLE [Eventos]
ADD CONSTRAINT FK_Eventos_Generaciones
FOREIGN KEY (GeneracionID) REFERENCES [Generaciones](ID);
GO